education,expersion,fuli,highSalary,lowSalary,name,place,yaoqiu
本科,应届生,五险一金补充医疗保险定期体检带薪年假通讯补贴节日福利零食下午茶高温补贴五险一金补充医疗保险定期体检带薪年假通讯补贴节日福利零食下午茶高温补贴股票期权带薪年假年终分红扁平管理地铁周边领导nice互联网金融免费零食,3,4K,Java开发实习生,北京,1、负责凤金平台核心代码开发工作；2、根据系统业务需求提供合理的设计和解决方案；3、编写系统相关设计文档及技术文档；4、参与系统稳定性、性能和扩展性调试。1、 计算机或相关专业，大学本科及以上学历，211/985院校优先；2、 熟悉Java语言，理解面向对象编程，至少掌握一种设计模式；3、 熟悉Spring/Spring MVC/Mybatis/Ajax等开发技术；4、 熟悉Redis/Memcached等至少一种缓存技术；5、 熟悉MySQL或其他关系型数据库的使用；6、 熟悉Linux系统的基本操作；7、 熟悉微服务设计原理，使用过Dubbo等RPC框架的优先；8、 具备优秀的沟通及学习能力，积极的工作生活态度。2014年9月成立，目前A轮融资8000万美金，交易量突破130亿，保险，基金，海外资产，网贷四条业务线，今年会完善大数据中心。公司七险一金，15天带薪假期，15个月薪资。
本科,应届生,五险一金定期体检年终奖股票期权带薪年假员工旅游通讯补贴交通补助节日福利五险一金定期体检年终奖股票期权带薪年假员工旅游通讯补贴交通补助节日福利领导nice公司氛围好年终分红地铁周边美女如云扁平管理,6,8K,Java开发实习生（2020届毕业）,北京,工作职责：1、对产品功能模块提出改进建议。2、能够积极响应和服务客户，并进行客户定制化需求的代码实现和功能交付；3、理解实际业务应用场景，提升用户体验；4、能够负责所属模块的技术支持、功能调试与系统升级维护工作；5、协助公司持续改进产品的易用性，稳定性，安全性，高可用性；6、协助并完成其他临时性技术开发任务。1、2020届毕业生，计算机或相关专业，包括物联网，信息管理等。2、勤奋、好学，沟通能力和逻辑思维强。3、有Java/web前端或服务端开发基础，掌握相关开发技能4、数据库了解sqlsever、oracle、mysql， SQL语句熟悉，触发器，存储过程编写能力较强的优先；该岗位应聘成功将就职于上海泛微网络科技股份有限公司北方大区授权业务运营中心北京机构
本科,应届生,,3,6K,java实习生2019年毕业-2020年毕业,北京,1、和单位老员工一起，进行项目开发。2、负责公司软件产品的开发工作，拥有扎实的计算机基础知识，熟悉Java、JSP、JavaScript、HTML、CSS开发技术；3、了解数据库，熟悉MySQL/Oracle/SQL Server等数据库系统的应用任意一种；4、流行框架有一定了解。5、有过实习项目经验的优先。6、项目中，有老员工带领，参与到项目中要求：本科或以上学历，计算机或软件相关专业出身，同时具有良好的沟通表达能力、较强的学习能力、能独立解决问题的能力；稳重、踏实、勤奋，拥有积极开放的心态。
本科,经验不限,五险一金定期体检股票期权带薪年假项目奖金五险一金定期体检股票期权带薪年假项目奖金五险一金带薪年假项目奖金弹性工作前沿技术定期体检公司氛围好,3,5K,研发实习生,北京,1. 负责公司云平台的产品开发及维护2. 根据产品设计要求，在项目经理或高级工程师带领下独立完成应用模块的编码、测试及优化工作;3. 协助项目经理与系统团队对接，为系统团队进行产品技术支持1. 本科及以上学历，计算机相关专业，2020年应届毕业生2. 熟悉算法和数据结构，熟悉C、Java、Python等至少一种编程语言3. 有一定的Linux操作系统经验，熟悉Shell者优先4. 计算机网络基础较好者优先5. 对于OpenStack有一定了解者优先6. 有云计算相关项目开发经验者优先7、五天八小时工作日，全职工作，周末双休公司提供：(1)各种内部分享活动，定期举办技术分享会、接触前沿技术(2)员工生日会、各种团建活动(3)弹性工作时间、周末双休(4)实习期表现优异者毕业可直接转正公司前身为北京中电广通科技有限公司，隶属于中国电子信息产业集团。从事云计算、大数据方向产品研发。
本科,应届生,领导好地铁周边公司氛围好领导好地铁周边公司氛围好领导好地铁周边公司氛围好,3,4K,java实习生,北京,1、根据系统需求文档负责功能模块的设计与代码开发工作。2、负责处理、解决系统使用过程中遇到的问题及系统日常维护工作。3、负责相关项目文档的编写和整理。1、本科或本科以上学历，计算机相关专业者优先。2、熟悉java语言设计，有软件开发相关经验优先。3、熟悉JavaScript 及EXT JS、jQuery等框架，有相关项目经验优先。4、熟悉sql开发，熟悉Spring框架，了解oracle数据库及WEBLOGIC中间件。
12个月,5天/周,五险一金定期体检加班补助年终奖带薪年假五险一金定期体检加班补助年终奖带薪年假,150,200/天,java开发,北京,本科毕业，欢迎20年学生，专业不限热爱开发行业，做过一些项目优先考虑学习能力，沟通能力强
本科,应届生,,5,8K,Java开发工程师,北京,"1、负责公司相关项目的设计和开发（数据库设计、模块功能开发、与app端开发人员接口逻辑编写和对接）;2、负责公司已完成项目的后续部分维护工作;3、优化程序性能，提高程序执行效率;1、熟悉多种NoSQL数据库，有mongo，redis，memcached开发调优经验,有集群设计经验者优先2、熟练使用常见linux命令3、喜欢钻研、有较强的学习能力和分享精神、团队合作能力等4、精通java编程，对java多线程技术有较深理解，对高并发、分布式网络通信和jvm调优有深入研究和了解，有类似开发经验者优先5、熟悉Spring、开源框架，对spring、mybatis等有源码级的深入研究和理解，熟悉各种常用设计模式；6.  有前端开发经验，熟悉VUE等优先。"
本科,应届生,,1,4K,Java实习生,北京,1. 负责根据开发进度和任务分配，完成相应模块的开发任务；2.负责参与需求分析、设计，高质量完成开发任务，确保高性能处理和系统的稳定性；3.参与软件工程文档、产品文档的编写。1、2019届本科及以上学历，计算机及相关专业；2、熟悉Java编程，对Java面向对象有深入理解，熟悉Linux常用操作；3、具有较强的独立工作与学习能力，愿意学习新技术，具备钻研精神；4、有责任心，有较强的沟通能力和团队协作精神。5、2020年毕业生
硕士,经验不限,带薪年假地铁周边领导nice公司氛围好扁平管理带薪年假地铁周边领导nice公司氛围好扁平管理带薪年假地铁周边领导nice公司氛围好扁平管理,3,6K,Java实习生,北京,招聘面向2018年毕业硕士研究生（Java、C++、前端、自然语言识别、机器学习算法、自动化测试等岗位），计算机及相关专业，希望能全职实习。新闻媒体、出版教育、大数据行业领先技术提供商，始终在技术前沿进行探索
6个月,5天/周,五险一金定期体检年终奖股票期权带薪年假零食下午茶五险一金定期体检年终奖股票期权带薪年假零食下午茶,150,200/天,JAVA实习生（大数据方向）,北京,1、负责客户现场数据库运维相关工作；2、负责相关Java应用程序代码的编写；3、必要时需要阅读与编写Scala代码；4、结合NoSQL、Hadoop、Spark、Storm等前沿技术开发大数据应用解决方案。1、大学本科及以上学历，计算机相关专业优先2、20年毕业优先，实习表现良好可直接转正；3、具有团队协作精神，工作严谨主动，人际交往能力良好；4、要求能够全职实习我们提供：与行业大牛一起工作的机会毕业转正对公司职位感兴趣可以直接发送简历至：*****
本科,应届生,五险一金定期体检年终奖节日福利项目经理补贴出差补助五险一金定期体检年终奖节日福利项目经理补贴出差补助公司氛围好移动互联网扁平管理美女如云地铁周边带薪休假,3,6K,初级Java开发工程师（全职实习生、应届生）,北京,"1、根据开发方案，完成负责模块的程序开发及测试工作；2、参与需求分析、功能设计、详细设计、测试、更新等工作；3、参与公司系统维护以及优化工作；4、工作范围：人力资源、财务管理、项目管理、档案管理、内容管理等企业办公所需系统。1、全日制本科及以上学历，2019年毕业生（可接受全职实习）；2、计算机相关专业；3、熟练使用Java语言,了解Spring MVC，MyBatis，jQuery，activiti等相关技术；4、熟练使用oracle或mysql数据库，熟练使用SQL语句；5、具备良好的面向对象思维,逻辑能力佳；6、具有较强的团队意识、善于学习和总结分析。这是一支富有朝气的团队，只要你敢于挑战，我会给你一个平台让你施展。"
硕士,经验不限,五险一金补充医疗保险定期体检加班补助年终奖股票期权带薪年假餐补节日福利五险一金补充医疗保险定期体检加班补助年终奖股票期权带薪年假餐补节日福利领导nice移动广告移动互联网分布式微服务业务范围广技术氛围浓高并发场景,4,6K,Java开发实习生,北京,1.负责广告平台的开发工作；2.持续改进系统架构、核心技术等，保证系统高性能、高可用性和高可扩展。1.重点高校计算机或相关专业硕士及以上学历，2020届；2.对数据结构和算法设计有一定理解；熟悉Java编程，熟悉Spring、Mybatis等Java常用开源框架、设计模式及并发编程；3.熟悉MySQL数据库，理解数据库的基本理论和内部实现机制；4.熟练运用Spring/Hibernate/Mybatis等常用框架；熟练使用Eclipse/Maven/SVN等软件开发工具；5.学习能力、逻辑思维能力强，对技术充满热情，有较强的沟通交流和团队协作能力。
大专,应届生,五险一金补充医疗保险定期体检年终奖股票期权带薪年假员工旅游五险一金补充医疗保险定期体检年终奖股票期权带薪年假员工旅游,3,4K,JAVA实习生,北京,"1.参与项目需求分析和设计；2.负责项目的后台开发及维护；3.负责开发文档的编写、维护和规范。1.Java基础扎实，良好的代码风格，熟悉J2EE规范，熟悉常用设计模式，对面向对象、领域驱动开发有一定的经验；2.熟练使用开源技术以及框架（spring、mybatis等）；3.熟练使用MySQL数据库；4.熟悉Linux环境以及操作，SVN、Maven的使用，熟悉Apache，Nginx等开源的服务器； 熟练使用dubbo、zookeeper分布式；5.能够及时关注业界最新技术动态和发展方向，能够独立研究并乐于分享技术,同时，要有强烈的责任心、主动性和团队合作精神；6.有Web开发和性能调优经验经验者优先。"
本科,经验不限,五险一金定期体检年终奖带薪年假五险一金定期体检年终奖带薪年假,6,9K,Java开发实习生,北京,"团队牛人多，机会多，成长空间大，工作挑战大1.负责soul推荐后台系统的开发与维护；1、 熟悉OO思想，具备扎实的抽象编程、设计能力,熟练使用Java/go至少一种语言；2、了解主流java后端框架，如Spring等；3、熟悉Redis,mysql中的一种或多种的日常开发使用；4、有一定Hadoop/Hive/Hbase/Spark经验或相关实践经历着优先；6、具有分布式服务/微服务架构下系统开发的经验的优先；"
本科,应届生,补充医疗保险定期体检年终奖带薪年假员工旅游餐补通讯补贴交通补助节日福利住房补贴零食下午茶补充医疗保险补充医疗保险定期体检年终奖带薪年假员工旅游餐补通讯补贴交通补助节日福利住房补贴零食下午茶补充医疗保险,3,5K,Java开发实习生,北京,1、参与数据中台产品，AI产品，营销系统，反欺诈系统的研发1、计算机相关专业，本科大三大四或者研究生研二以上。2、软件开发基础扎实，熟悉Java语言，熟悉常用算法和数据结构，有实际编程经验，最好有过相关项目经验；3、头脑灵活，善思好学，主动积极；4、一周能工作不少于三天，连续实习时间不少于4个月；
本科,应届生,五险一金定期体检年终奖股票期权带薪年假节日福利保险五险一金定期体检年终奖股票期权带薪年假节日福利保险,10,15K,阿里巴巴2020毕业实习生招聘-北京,北京,"限制毕业起止时间:	2019-11-01~2020-10-31工作地点:	杭州市,北京市,上海市,成都市,广州市,深圳市,南京市,无锡市学历要求:	本科及以上如果你想了解JAVA开发在阿里巴巴互联网生态系统中无与伦比的应用广度与深度； 如果你对基础技术感兴趣，你可以参与基础软件的设计、开发和维护，如分布式文件系统、缓存系统、Key/Value存储系统、数据库、Linux操作系统和Java优化等； 如果你热衷于高性能分布式技术，你可以参与高性能分布式服务端程序的系统设计，为阿里巴巴的产品提供强有力的后台支持，在海量的网络访问和数据处理中，设计并设施最强大的解决方案； 如果你喜欢研究搜索技术，你可以参与搜索引擎各个功能模块的设计和实现，构建高可靠性、高可用性、高可扩展性的体系结构，满足日趋复杂的业务需求； 如果你对电子商务产品技术感兴趣，你可以参与产品的开发和维护，完成从需求到设计、开发和上线等整个项目周期内的工作； 如果你对数据敏感，你可以参与海量数据处理和开发，通过sql、pl/sql、java进行etl程序开发，满足商业上对数据的开发需求； 如果你热衷于客户端开发，你可以参与为用户提供丰富而有价值的桌面或无线软件产品。或许，你来自计算机专业，机械专业，甚至可能是学生物的； 但是，你酷爱着计算机以及互联网技术，热衷于解决挑战性的问题，追求极致的用户体验； 或许，你痴迷于数据结构和算法，热衷于ACM，常常为看到“accept”而兴奋的手足舞蹈； 或许，你熟悉Unix/Linux/Win32环境下编程，并有相关开发经验，熟练使用调试工具，并熟悉Perl，Python，shell等脚本语言； 或许，你熟悉网络编程和多线程编程，对TCP/IP，HTTP等网络协议有很深的理解，并了解XML和HTML语言； 或许，你热衷于数据库技术，能够熟练编写SQL脚本，有MySql或Oracle应用开发经验； 或许，你并不熟悉Java编程语言，更精通C，C++，PHP，.NET等编程语言中的一种或几种，但你有良好和快速的学习能力； 有可能，你参加过大学生数学建模竞赛，“挑战杯”，机器人足球比赛等； 也有可能，你在学校的时候作为骨干参与学生网站的建设和开发； 这些，都是我们想要的。来吧，加入我们！"
本科,经验不限,地铁周边领导nice年终分红公司氛围好股票期权不打卡移动互联网扁平管理地铁周边领导nice年终分红公司氛围好股票期权不打卡移动互联网扁平管理地铁周边领导nice年终分红公司氛围好股票期权不打卡移动互联网扁平管理,4,7K,Java工程师实习生,北京,"只招在2020届的本科毕业的实习生1、计算机、软件、网络、电子、通信、数学、信息安4、熟悉java开发,了解基本的java开发框架如全等理工科计算机相关专业本科及以上学历;3、熟练使用Java语言进行编程,熟悉J2EE规范,熟悉常5、了解基于Mysql的数据库设计与开发,会使用用2、初级岗位,只接受应往届毕业生或未毕业学生;用设计模式；springboot或者springMVC;mysql的增删改查6、能够使用简单的linux命令;7、学习能力强,具有较强的沟通技能及团队合作能力;亲爱的你，来到北京不就是为了搏一把吗？我们是“火箭程序猿”，创业企业的共享研发部，为客户提供全方位IT解决方案。如果你年轻、勤奋、有梦想，想短时间熟悉大批商业模式、与高手过招，飞速成长，那么欢迎你来！"
3个月,3天/周,,150,200/天,后端实习生,北京,1. 2020年毕业生，计算机、数学或信息统计等相关专业本科及以上学历；2.有过视频、数据抓取、搜索引擎经验，3.具有机器学习/数据挖掘理论和技术基础，具有海量数据处理经验者优先；4.熟悉一种及以上的编程语言，如java、php、python，熟悉JAVA优先，有统计基础优先；5.	良好的逻辑思维能力；6.	优秀的学习能力，分析和解决问题的能力和强烈的进取心；7.	诚恳、踏实，对技术和工作充满热情；8.	具备良好的沟通能力和团队合作精神。该职位要求擅长java，请注意。该职位只招收统招、全日制大学2020届以及之后的在校生，请知晓。网教、成考、自考等不符条件者，一概不予回复。
本科,经验不限,扁平管理公司氛围好领导nice扁平管理公司氛围好领导nice扁平管理公司氛围好领导nice,3,4K,Java实习生,北京,"该角色将为软件平台提供关键任务技术和在线服务。软件工程师负责开发和实施集成在公共和私有云架构中的高度复杂的松散耦合软件组件和微服务。该职位负责处理各种范围和复杂性中等的技术问题。开发人员将作为 devops 环境的成员, 支持在线服务开发和服务。在指定项目团队的技术领导的指导下与同行合作。主要任务和责任·一致和全面地应用体系结构和设计原则, 以实现目标端到端使用方案·作为在团队环境中工作的成员, 您将与解决方案架构师和开发人员合作, 将线框和创意设计解释为功能需求, 并随后转化为技术设计·作为我们移动服务开发人员的成员, 您需要了解大数据体系结构和框架, 还可以支持我们的机器学习、数据挖掘算法投入生产·内部优化, 实现可扩展性, 并使开发团队能够快速运行很好地关注 devops 用例和工作流。与 scrum 团队和产品管理部门合作, 优化需求, 了解我们将如何满足系统的更广泛属性, 并帮助设计高效、灵活、高度可扩展和可扩展的服务。技术/专业技能·移动应用、云和大数据平台相关开发技能·强大的核心 java & j2ee, html5, javascript 技能·在弹簧框架, 弹簧启动和微服务的经验·拥有大规模的站点服务平台经验, 能够处理大量的服务访问, 熟悉缓存、db 优化和架构设计·熟悉微服务框架 (如弹簧云、容器、devoops 工具链), 通过微服务架构引领我们的服务产品的开发, 以支持 ha、自动可扩展性和高扩展性·熟悉集装箱技术和适应服务产品与集装箱环境·可以支持业务部门将业务分解为微服务·实践操作能力和概念思维能力"
学历不限,经验不限,,3,4K,java实习生,北京,1.会写java 代码2.会javascript3.jsp，sql是必须的4.分配的工作能够独立完成，有强烈的学习欲望
本科,应届生,,5,8K,JAVA实习生,北京,薪资待遇：转正后7K—17K/月，视能力和表现而定。实习期间约5K-8k/月。福利待遇：五险一金、差旅补贴、通讯补贴、绩效奖金、带薪休假、公费旅游、周末双休、自认能力够可以申请开发新项目。1.全职2.有团队合作意识，能吃苦3.本科以上学历，计算机相关专业优先。4.有责任感，学习能力突出。想试试的同学可以直接将自己完整版的简历发送到邮箱*****。2-3天内HR会电话回复。
本科,1年以内,五险一金加班补助全勤奖年终奖五险一金加班补助全勤奖年终奖,6,12K,JAVA初级工程师（含实习）,北京,1. [学习技术] 学习并研究主管所安排的技术知识2. [功能开发] 根据任务安排，完成后台系统的业务逻辑开发3. [调试维护] 负责后台系统的功能调试，单元测试及后期的维护工作4. [反馈问题] 主动发现系统中的问题，及时反馈给协作同事，并同时提出解决方案1. 热爱java开发工作，为人正直、诚实守信、认真负责2. 掌握任意一门面向对象编程语言3. 了解常用算法、数据结构、关系型数据库知识等 4. 具有团队合作精神，良好的沟通能力，强烈的求知欲，对技术狂热，具有自主学习精神和快速学习能力5.统招类一本
本科,经验不限,五险一金补充医疗保险定期体检年终奖股票期权带薪年假交通补助节日福利五险一金补充医疗保险定期体检年终奖股票期权带薪年假交通补助节日福利,4,6K,JAVA研发实习生,北京,1、熟悉java语言；2、熟悉 MySQL 应用开发，熟悉数据库原理和常用性能优化技术，以及 NoSQL原理、使用场景以及限制；3、熟悉常用的互联网技术，包括但不限于RPC、MQ、缓存技术、调用策略等优先；4、参与过大型复杂分布式互联网系统的设计优先；5、有较强的逻辑思维能力，善于分析、归纳、解决问题；其他要求：我们希望你是个会坚持的人，因为我们每天都有 Code Review；我们希望你是个代码洁癖的人，因为我们规范需要不断完善；我们希望你是个懂的分享的人，因为我们每周都有技术分享；我们希望你是个爱看优秀文章的人，因为我们每两周都有文章分享；我们希望你是个爱看优秀开源代码的人，因为我们每人每年都有分享一次开源代码解读；我们希望你是个敢说敢干的人，因为我们随时会争论且执行力都高；我们还希望你是个….
5个月,5天/周,带薪年假技术大牛轻松氛围互联网金融领导nice年终分红地铁周边带薪年假技术大牛轻松氛围互联网金融领导nice年终分红地铁周边带薪年假技术大牛轻松氛围互联网金融领导nice年终分红地铁周边,150,200/天,初级java实习生,北京,"1、本科及以上学历，计算机相关专业毕业2、理解面向对象编程思想，扎实的Java开发功底，了解通信相关技术Dubbo等3、了解Spring,Mybatis等主流框架，有一定的Web开发经验4、熟练使用MySQL 数据库5、理解IO、多线程，对JVM原理熟悉,有相关开发经验者优先6、熟悉Html/Javascript/JQuery/Ajax/Bootstrap等前端技术7、有强烈责任心、团队精神、热爱技术、有很强的自我学习能力8、暂只考虑2020届毕业生加分项：1，参加过ACM等计算机比赛，得奖者更佳2，有技术博客或者在github等平台发布过代码"
硕士,应届生,五险一金五险一金地铁周边公司氛围好领导nice,4,6K,软件开发实习生,北京,适合初期从业的计算机科班出身人员，发展空间大，不需要每天坐班。1、  调研航天测控、运控相关开源软件；2、  撰写卫星运管网可行性分析报告；3、  结合前期调研结果，编写软件；4、  协助上级主管完成其他日常行政事务。1、211院校计算机或相近专业研二、研三在读生，有项目经验者优先考虑；2、具有较强的计划能力和执行能力，良好的协调能力和人际沟通能力；3、性格开朗、积极主动，具有良好的团队合作精神；4、实习后留在公司继续任职者优先5、能适应较大压力与加班者优先考虑实习期表现优异者，可直接转正。
本科,经验不限,股票期权领导nice带薪年假公司氛围好年终分红免费零食扁平管理股票期权领导nice带薪年假公司氛围好年终分红免费零食扁平管理股票期权领导nice带薪年假公司氛围好年终分红免费零食扁平管理,4,8K,Web后端实习生,北京,公司简介：北京图知天下科技有限责任公司是一家从事人工智能产品研发的高科技公司，业务方向目前涵盖智能安防与智慧商场，我们的愿景是让人工智能更好的为人类服务。工作职责：1、负责web 产品的后端开发工作；2、与产品设计师、前端工程师一起探讨、设计、实现web 产品的新功能及改进；3、与基础架构工程师、运维工程师一起实现稳定、可扩展的后台服务；4、数据驱动，不断通过产品和技术数据进行改进，并完成快速迭代工作要求：1、对计算机相关基础知识有较好理解，了解常用数据结构和算法；2、熟练掌握Java作为后端语言的使用，了解JavaScript语言；3、熟悉常用 web 后端开发相关技术，掌握Servlet，SSM（Spring，SpringMVC，Mybatis），Struts2，Maven，SVN等主流互联网开发框架及项目管理工具；4、具备使用SQL Server、Mysql、Oracle等数据库之一的能力，能完成后端与数据库的读写交互；5、良好的编码风格及测试习惯；6、良好的沟通能力，有团队合作精神和责任感，有很强的学习能力，有主动性和上进心；7.、有创业意愿，愿意与公司共同成长者优先。8、 实习时间至少4个月，每周至少4个工作日；能长期实习者优先。薪资：200-400元/天（薪资视能力而定，可调整，优秀者薪资可议，上不封顶；优秀者实习期结束后可转正，待遇从优）公司提供参加领域内会议、展会的学习机会，与技术大牛面对面交流；提供每日下午茶，免费水果、零食和咖啡等你来；加班路费补贴、健身器械使用……多重福利等你来体验！公司地址：北京市海淀区中关村东路66号世纪科贸大厦B座903室公司邮箱：*****（请注明岗位）公司网址：http://www.deeperception.net/
大专,应届生,五险一金补充医疗保险定期体检年终奖股票期权带薪年假员工旅游五险一金补充医疗保险定期体检年终奖股票期权带薪年假员工旅游,1,2K,Java实习生,北京,"1.参与项目需求分析和设计；2.负责项目的后台开发及维护；3.负责开发文档的编写、维护和规范。1.Java基础扎实，良好的代码风格，熟悉J2EE规范，熟悉常用设计模式，对面向对象、领域驱动开发有一定的经验；2.熟练使用开源技术以及框架（spring、mybatis等）；3.熟练使用MySQL数据库；4.熟悉Linux环境以及操作，SVN、Maven的使用，熟悉Apache，Nginx等开源的服务器； 熟练使用dubbo、zookeeper分布式；5.能够及时关注业界最新技术动态和发展方向，能够独立研究并乐于分享技术,同时，要有强烈的责任心、主动性和团队合作精神；6.有Web开发和性能调优经验经验者优先;7.兼职以任务形式，前期需要到公司一个月兼职5-8天，一天100;后期可增加至150，对接好后可不来公司，在家办公"
本科,经验不限,,2,4K,java软件工程师,北京,2、熟悉设计模式，对面向对象技术有深入理解；3、熟悉常见的JAVA开发框架并对其架构体系有深刻的理解；4、熟悉网络编程及分布式系统架构技术，有VR系统软件经验者优先。5、熟悉Linux系统管理和操作；精通数据库编程技术，掌握一至两种主流数据库；6、熟悉UML，了解并掌握项目开发流程，熟悉软件工程的规范和运作流程；7、有良好的编程习惯和编程风格，并具备良好的文档撰写能力；1，统招本科，学习完成了大三的课程2、计算机基础课扎实，自己答老师的卷子至少能及格3、动手能力强，至少完成或合作完成过1件软件程序4、致力于做软件开发技术工作5、欢迎大四长期实习生，我们会引导你进入专业的软件开发，接触到最流行的软件开发技术
硕士,经验不限,年终奖节日福利年终奖节日福利,8,15K,JAVA实习生,北京,1．参与公司app产品的需求分析和设计开发；2．按照软件开发规范进行文档编写；3．配合测试组进行系统测试和对bug的修正；4．完成领导交办的其它任务。要求：211\985本科生，计算机相关专业；硕士优先；我们需要你：1、java后台代码设计和编写2、业务的协作和沟通我们希望你：1、为2019届应届毕业生或2019届实习生。2、扎实的java基础3、有团队协作意识4、对互联网有极大的热情 ，对教育有情怀。我们能提供：1、实习期满六个月的，正式入职后则免试用期；2、优厚的薪酬待遇；3、良好的学习成长空间；4、免费提供水果、零食，随时给您补充能量；5、各类团建（不想出屋的公司也有跑步机）；6、其他的，自己来体验吧
本科,应届生,,2,4K,java软件开发实习生,北京,2、熟悉设计模式，对面向对象技术有深入理解；3、熟悉常见的JAVA开发框架并对其架构体系有深刻的理解；4、熟悉网络编程及分布式系统架构技术，有VR系统软件经验者优先。5、熟悉Linux系统管理和操作；精通数据库编程技术，掌握一至两种主流数据库；6、熟悉UML，了解并掌握项目开发流程，熟悉软件工程的规范和运作流程；7、有良好的编程习惯和编程风格，并具备良好的文档撰写能力；1，统招本科，学习完成了大三的课程2、计算机基础课扎实，自己答老师的卷子至少能及格3、动手能力强，至少完成或合作完成过1件软件程序4、致力于做软件开发技术工作5、欢迎大四长期实习生，我们会引导你进入专业的软件开发，接触到最流行的软件开发技术
大专,经验不限,五险一金补充医疗保险定期体检年终奖股票期权带薪年假员工旅游五险一金补充医疗保险定期体检年终奖股票期权带薪年假员工旅游,3,4K,Java实习生,北京,"1.参与项目需求分析和设计；2.负责项目的后台开发及维护；3.负责开发文档的编写、维护和规范。1.Java基础扎实，良好的代码风格，熟悉J2EE规范，熟悉常用设计模式，对面向对象、领域驱动开发有一定的经验；2.熟练使用开源技术以及框架（spring、mybatis等）；3.熟练使用MySQL数据库；4.熟悉Linux环境以及操作，SVN、Maven的使用，熟悉Apache，Nginx等开源的服务器； 熟练使用dubbo、zookeeper分布式；5.能够及时关注业界最新技术动态和发展方向，能够独立研究并乐于分享技术,同时，要有强烈的责任心、主动性和团队合作精神；6.有Web开发和性能调优经验经验者优先。"
硕士,应届生,五险一金定期体检年终奖带薪年假员工旅游餐补节日福利零食下午茶购房借款福利五险一金定期体检年终奖带薪年假员工旅游餐补节日福利零食下午茶购房借款福利,5,10K,Java开发实习生,北京,主要职责：1、负责公司后端模块开发和维护；2、负责业务需求和功能实现的沟通，完成模块设计、开发、测试、修改 bug 等工作；3、编写高质量代码，保证上线产品能稳定运行；4、编写技术文档；5、领导交代的其他工作。1、计算机或数学相关专业，研究生或以上学历，211、985院校优先；2、熟悉 java 后端相关编程技术；3、熟悉 Linux 系统的使用、维护，有基本的脚本编写技能；4、了解常用的开源框架如：Spring、Spring MVC、MyBatis，知其工作原理；5、了解 Redis、RabbitMQ、Kafka 等缓存技术应用；6、有C++编程经验，有良好的编程风格及面向对象编程经验优先。7、热爱编程，有较强的学习能力，有强烈的求知欲、好奇心和进取心，能及时关注和学习业界最新技术。
6个月,5天/周,五险一金定期体检加班补助年终奖股票期权带薪年假免费班车餐补通讯补贴交通补助节日福利五险一金定期体检加班补助年终奖股票期权带薪年假免费班车餐补通讯补贴交通补助节日福利,150,200/天,软件开发实习生,北京,工作职责：软件产品开发中代码编写。1、双一流大学本科在读2、计算机科学与技术或软件工程专业3、2020届优先，应届毕业生慎投4、致力于码农发展方向5、积极主动，具备极强的沟通与判断能力，能够承担较大的工作压力
本科,应届生,扁平管理领导nice地铁周边无限量零食免费两餐牛人带队不打卡团队年轻扁平管理领导nice地铁周边无限量零食免费两餐牛人带队不打卡团队年轻扁平管理领导nice地铁周边无限量零食免费两餐牛人带队不打卡团队年轻,4,8K,区块链底层研发工程师（实习）,北京,1.基于区块链的项目平台相关功能研发2.对外提供API设计开发；3.负责性能优化、安全升级;4.结合实际应用需求进行技术的改进与创新。1.  本科及以上学历，对新技术充满好奇心，对良好代码风格具有强迫症；2.  扎实的基本功，如算法、网络、软件工程、数据结构等；3.  C/C++基础良好，Go/node.js/Java等语言熟练其一；4.  熟悉HTTP原理及SQL，熟悉Unix/Linux 环境；5.  有一定的软件工程基础，能够写清晰的代码，对代码质量有很高的追求；6.  思路清晰，很好的团队协作能力，乐于分享；7.  熟悉区块链优先。智链（ChainNova）是由美国硅谷PeerNova和中南建设合资成立的高科技公司，注册资本1500万美元，Linux Foundation及Hyperledger核心成员，IBM全球合作伙伴。定位服务于科技产业实践，融合区块链、云计算、大数据以及人工智能等技术，为用户实现行业应用场景落地，构建金融科技、区块链+产业、商业认知等解决方案。
本科,应届生,五险一金补充医疗保险定期体检带薪年假通讯补贴节日福利零食下午茶高温补贴五险一金补充医疗保险定期体检带薪年假通讯补贴节日福利零食下午茶高温补贴带薪年假地铁周边互联网金融公司氛围好,3,4K,Java工程师（校招）,北京,Java开发工程师1、负责凤金平台核心代码开发工作；2、根据系统业务需求提供合理的设计和解决方案；3、编写系统相关设计文档及技术文档；4、参与系统稳定性、性能和扩展性调试。1、	计算机或相关专业，大学本科及以上学历，211/985院校优先（只接受2019年毕业生）；2、	熟悉Java语言，理解面向对象编程，至少掌握一种设计模式；3、	熟悉Spring/Spring MVC/Mybatis/Ajax等开发技术；4、	熟悉Redis/Memcached等至少一种缓存技术；5、	熟悉MySQL或其他关系型数据库的使用；6、	熟悉Linux系统的基本操作；7、	熟悉微服务设计原理，使用过Dubbo等RPC框架的优先；8、	具备优秀的沟通及学习能力，积极的工作生活态度。9、可发校招offer，但是必须先实习，全职实习3月（答辩期间可请假）.
本科,应届生,五险一金节日福利零食下午茶包中餐五险一金节日福利零食下午茶包中餐地铁周边办公环境优越五险一金年度旅游带薪年假包中餐公司氛围好领导nice,8,13K,游戏后端工程师（主程直带，接受实习）,北京,1、由技术大牛亲自带，负责游戏产品的功能研发；2、参与项目架构的制定和优化；1、本科及以上学历，计算机相关专业，基础知识扎实；2、聪明，学习能力强，有独立解决问题的能力；3、熟悉面向对象编程，掌握java/c++/python/php/node.js中的至少一门语言；4、入职后可选择PHP方向或Erlang方向；5、有良好的沟通能力和业务理解能力；北京展程科技有限公司成立于2010年，创立初期就获得李开复“创新工场”的投资。 公司成立仅仅4年已成为行业内盈利较高、发展较快的企业之一，同时也成为国内最 具潜力的手机游戏研发与运营企业。从昔日的三人团队成长为如今近两百人战队，用 户遍及台湾，韩国，泰国，日本，马来西亚等，获得傲人成绩。
硕士,应届生,年终奖节日福利年终奖节日福利公司氛围好扁平管理地铁周边,6,10K,Java实习生,北京,1．参与公司app产品的需求分析和设计开发；2．按照软件开发规范进行文档编写；3．配合测试组进行系统测试和对bug的修正；4．完成领导交办的其它任务。要求：211\985本科生，计算机相关专业；硕士优先；我们需要你：1、java后台代码设计和编写2、业务的协作和沟通我们希望你：1、2019届应届毕业生或者2020年毕业可实习半年以上2、扎实的java基础3、有团队协作意识4、对互联网有极大的热情 ，对教育有情怀。我们能提供：1、实习期满六个月的，正式入职后则免试用期；2、优厚的薪酬待遇；3、良好的学习成长空间；4、免费提供水果、零食，随时给您补充能量；5、各类团建（不想出屋的公司也有跑步机）；6、其他的，自己来体验吧
本科,经验不限,补充医疗保险定期体检年终奖带薪年假节日福利零食下午茶补充医疗保险定期体检年终奖带薪年假节日福利零食下午茶,4,6K,开发实习生,北京,"1.参与公司游戏前端或者后端的研发；2.独立完成程序开发任务，对任务需求进行分析，实现编码并最终交付；3.与时俱进地学习，提高自身技术能力进而提高研发效率。1. 计算机相关专业毕业，基础扎实，熟悉数据机构与算法、计算机组成原理等；2. 熟练掌握至少一门主流编程语言，如C/C++,Golang, Java等；3. 熟悉游戏相关开发技能者优先，如游戏引擎（如白鹭引擎）、数据库（如MongoDB）；4. 有一个计算机相关的业余爱好者优先(如：游戏职业玩家)。"
本科,经验不限,股票期权扁平管理领导nice地铁周边股票期权扁平管理领导nice地铁周边股票期权扁平管理领导nice地铁周边,4,8K,Java实习,北京,计算机科班Java基础好爱学习想做一名优秀的程序员
本科,应届生,五险一金带薪年假节日福利五险一金带薪年假节日福利领导nice移动互联网公司氛围好带薪年假免费零食美女如云,3,4K,java爬虫实习生,北京,1.对指定的多个网站的网页进行网页抓取、数据的提取、清洗、入库2.对匹配、同步等后台守护程序进行性能优化等3.负责特殊网页采集任务的分析及采集方案设计1.本科及以上学历，计算机、软件工程、信息系统、数学等相关专业，对技术有强烈的兴趣；（针对于20年毕业生）2.有扎实的计算机语言基础，如：JAVA、C等；3.了解J2EE架构，掌握JAVA编程及JSP开发，熟悉SQL语法优先；4.具有良好的学习能力及逻辑推理、归纳总结能力，有独立解决问题的能力。
本科,经验不限,五险一金补充医疗保险定期体检年终奖股票期权带薪年假餐补通讯补贴节日福利五险一金补充医疗保险定期体检年终奖股票期权带薪年假餐补通讯补贴节日福利,2,3K,JAVA开发实习生,北京,"工作内容：天云软件产品研发1、本科或本科以上学历，2020年毕业；2、熟悉Java编程；3、熟悉Linux操作系统；4、了解VMware vsphere, vRealize组件API，至少了解Workstation；5、了解Openstack框架；6、计算机软件相关专业背景，具备互联网相关项目经验；7、每周实习时间至少4天；8、 实习时间不少于6个月；"
本科,经验不限,五险一金定期体检加班补助年终奖股票期权带薪年假节日福利零食下午茶五险一金定期体检加班补助年终奖股票期权带薪年假节日福利零食下午茶不打卡领导nice扁平管理地铁周边美女如云行业头马高门槛领域快速提升,4,8K,产品助理（实习生）,北京,1、完成本公司专利的撰写和申请；2、规范文档的编写、维护，以及代码评审等；3、深入理解业务需求，分析和发现系统的优化点，负责推动系统性能和架构优化。1、计算机相关专业本科在读或应届生，有一定Java项目开发经验优先；2、熟练运用SSH，SSM服务框架，对网络、IO、多线程、高并发等有实践经验；3、熟练掌握MySQL，MSSQL，有设计数据库，性能调优等实际经验；4、强烈的责任心和团队合作能力，性格开朗，善于沟通，良好的学习能力，逻辑思维能力并且敢于创新和接受挑战；5、本职位接受应届生和本科在校生。行业头马小公司，处于电子政务和电子商务的结合带高门槛领域，刚过a轮，目前已经盈利，正向行业独角兽发展需要各种有活力的小伙伴加入
6个月,4天/周,,150,200/天,Java研发实习生,北京,1、按需求用C#、unity 语言进行游戏功能的设计和编码，对代码质量和进度负责；2、参与设计具体技术方案，解决开发过程中的技术问题；3、编写相关技术文档。1、本科及以上学历，计算机相关专业优先；2、有较长时间可来实习，6个月以上，每周4天以上。3、熟悉任意一门开发语言，会unity、C#语言优先考虑；4、有良好的学习能力和强烈的进取心。工作积极主动，善于沟通、表达， 有团队协作精神 ，有独自解决问题的能力，能够承受一定工作压力。5、热爱游戏。
本科,应届生,扁平管理地铁周边领导nice移动互联网公司氛围好扁平管理地铁周边领导nice移动互联网公司氛围好扁平管理地铁周边领导nice移动互联网公司氛围好,3,4K,Java实习生,北京,"1.参与项目需求分析和设计；2.负责项目的后台开发及维护；3.负责开发文档的编写、维护和规范；4.处理线上问题。1.本科20年毕业;2.Java基础扎实；3.熟练使用开源技术以及框架（spring、mybatis等）；4.熟练使用MySQL数据库；5.熟悉Linux环境以及操作，git、Maven的使用，熟悉Apache，Nginx等开源的服务器；6.能够及时关注业界最新技术动态和发展方向，能够独立研究并乐于分享技术,同时，要有强烈的责任心、主动性和团队合作精神；7.有Web开发和性能调优经验经验者优先。正安集团由资深媒体人梁冬先生创办，主要有正安医馆群、正安文化、正安生活三大核心业务。业务规模：发展至今，旗下正安医馆群已分别在北京、深圳、广州、杭州、成都、上海、昆明、武汉等地共运营十余家门店；旗下正安生活馆遍布全国十余城市；旗下正安文化在国内主要城市设立了多家文化学院。"
本科,应届生,,3,7K,开发实习生（开发语言不限）,北京,"1、计算机或相关专业本科及以上，2020年毕业，有ACM 等程序竞赛经验者优先。2、全面、扎实的计算机基础知识结构, 掌握常用算法和数据结构。3、熟练掌握至少一门语言,包括但不限于: Java,C#,Go,C/C++。4、熟悉数据库、NoSQL 存储、消息队列等常用组件。5、善于分析解决问题,有独立思考能力。6、有强烈的求知欲望,面对挑战可以自我学习及探索,自驱力强。工作职责：1、参与北森 PaaS 平台的开发工作，在这里你将接触到国内领先的面向 application 的 PaaS平台。2、参与在线系统的运行维护，问题处理工作特别说明：1、本岗位针对2020届毕业生，211或985优先考虑；2、可以远程面试，一周工作3天及以上即可；3、转正看实习表现，尽快入职者优先考虑，实习期要满六个月。真诚沟通，信息共享。"
学历不限,应届生,五险一金补充医疗保险定期体检年终奖股票期权带薪年假员工旅游免费班车餐补包吃五险一金补充医疗保险定期体检年终奖股票期权带薪年假员工旅游免费班车餐补包吃,3,4K,研发工程师JAVA（实习生）,北京,诚招2020年毕业的应届生们！如果你想了解JAVA开发在阿里巴巴互联网生态系统中无与伦比的应用广度与深度；如果你对基础技术感兴趣，你可以参与基础软件的设计、开发和维护，如分布式文件系统、缓存系统、Key/Value存储系统、数据库、Linux操作系统和Java优化等；如果你热衷于高性能分布式技术，你可以参与高性能分布式服务端程序的系统设计，为阿里巴巴的产品提供强有力的后台支持，在海量的网络访问和数据处理中，设计并设施最强大的解决方案；如果你喜欢研究搜索技术，你可以参与搜索引擎各个功能模块的设计和实现，构建高可靠性、高可用性、高可扩展性的体系结构，满足日趋复杂的业务需求；如果你对电子商务产品技术感兴趣，你可以参与产品的开发和维护，完成从需求到设计、开发和上线等整个项目周期内的工作；如果你对数据敏感，你可以参与海量数据处理和开发，通过sql、pl/sql、java进行etl程序开发，满足商业上对数据的开发需求；如果你热衷于客户端开发，你可以参与为用户提供丰富而有价值的桌面或无线软件产品。或许，你来自计算机专业，机械专业，甚至可能是学生物的； 但是，你酷爱着计算机以及互联网技术，热衷于解决挑战性的问题，追求极致的用户体验；或许，你痴迷于数据结构和算法，热衷于ACM，常常为看到“accept”而兴奋的手足舞蹈；或许，你熟悉Unix/Linux/Win32环境下编程，并有相关开发经验，熟练使用调试工具，并熟悉Perl，Python，shell等脚本语言；或许，你熟悉网络编程和多线程编程，对TCP/IP，HTTP等网络协议有很深的理解，并了解XML和HTML语言；或许，你热衷于数据库技术，能够熟练编写SQL脚本，有MySql或Oracle应用开发经验；或许，你并不熟悉Java编程语言，更精通C，C++，PHP，.NET等编程语言中的一种或几种，但你有良好和快速的学习能力；有可能，你参加过大学生数学建模竞赛，“挑战杯”，机器人足球比赛等； 也有可能，你在学校的时候作为骨干参与学生网站的建设和开发；这些，都是我们想要的。来吧，加入我们！
本科,应届生,五险一金补充医疗保险年终奖带薪年假员工旅游包吃零食下午茶健身房企业版专车橙长培训无限畅饮五险一金补充医疗保险年终奖带薪年假员工旅游包吃零食下午茶健身房企业版专车橙长培训无限畅饮,5,9K,java应届,北京,面向2020届毕业生。1、在高级工程师的指导下完成日常业务开发。1、本科（需985/211）或本科以上计算机相关专业学历计算机基础知识扎实；2、熟悉spring框架优先、mysql 数据库优先；3、熟悉Unix/Linux 常用命令优先；待遇：1、优秀实习生能够3个月后转正，转正后能够享有和正式员工同等待遇，1.2w月薪，工作优秀者正式毕业后工资翻番。2、1日三餐免费自助，9点后下班企业支付打车。
本科,应届生,五险一金补充医疗保险定期体检年终奖股票期权带薪年假员工旅游免费班车餐补节日福利五险一金补充医疗保险定期体检年终奖股票期权带薪年假员工旅游免费班车餐补节日福利,1,2K,研发工程师JAVA,北京,"分布式存储,搜索引擎,其他,分布式计算,数据库,机器学习工程,网络,硬件,应用服务开发面试城市:远程如果你想了解JAVA开发在阿里巴巴互联网生态系统中无与伦比的应用广度与深度； 如果你对基础技术感兴趣，你可以参与基础软件的设计、开发和维护，如分布式文件系统、缓存系统、Key/Value存储系统、数据库、Linux操作系统和Java优化等； 如果你热衷于高性能分布式技术，你可以参与高性能分布式服务端程序的系统设计，为阿里巴巴的产品提供强有力的后台支持，在海量的网络访问和数据处理中，设计并设施最强大的解决方案； 如果你喜欢研究搜索技术，你可以参与搜索引擎各个功能模块的设计和实现，构建高可靠性、高可用性、高可扩展性的体系结构，满足日趋复杂的业务需求； 如果你对电子商务产品技术感兴趣，你可以参与产品的开发和维护，完成从需求到设计、开发和上线等整个项目周期内的工作； 如果你对数据敏感，你可以参与海量数据处理和开发，通过sql、pl/sql、java进行etl程序开发，满足商业上对数据的开发需求； 如果你热衷于客户端开发，你可以参与为用户提供丰富而有价值的桌面或无线软件产品。或许，你来自计算机专业，机械专业，甚至可能是学生物的； 但是，你酷爱着计算机以及互联网技术，热衷于解决挑战性的问题，追求极致的用户体验； 或许，你痴迷于数据结构和算法，热衷于ACM，常常为看到“accept”而兴奋的手足舞蹈； 或许，你熟悉Unix/Linux/Win32环境下编程，并有相关开发经验，熟练使用调试工具，并熟悉Perl，Python，shell等脚本语言； 或许，你熟悉网络编程和多线程编程，对TCP/IP，HTTP等网络协议有很深的理解，并了解XML和HTML语言； 或许，你热衷于数据库技术，能够熟练编写SQL脚本，有MySql或Oracle应用开发经验； 或许，你并不熟悉Java编程语言，更精通C，C++，PHP，.NET等编程语言中的一种或几种，但你有良好和快速的学习能力； 有可能，你参加过大学生数学建模竞赛，“挑战杯”，机器人足球比赛等； 也有可能，你在学校的时候作为骨干参与学生网站的建设和开发； 这些，都是我们想要的。来吧，加入我们！"
本科,应届生,五险一金定期体检年终奖股票期权带薪年假节日福利保险五险一金定期体检年终奖股票期权带薪年假节日福利保险,15,16K,开发工程师,北京,这个是面向2020年毕业的应届生的，2020年毕业的可以将简历请投掷：*****-inc.com或许，你来自计算机专业，机械专业，甚至可能是学生物的；但是，你酷爱着计算机以及互联网技术，热衷于解决挑战性的问题，追求极致的用户体验；或许，你痴迷于数据结构和算法，热衷于ACM，常常为看到“accept”而兴奋的手足舞蹈；或许，你熟悉Unix/Linux/Win32环境下编程，并有相关开发经验，熟练使用调试工具，并熟悉Perl，Python，shell等脚本语言；或许，你熟悉网络编程和多线程编程，对TCP/IP，HTTP等网络协议有很深的理解，并了解XML和HTML语言；或许，你热衷于数据库技术，能够熟练编写SQL脚本，有MySql或Oracle应用开发经验；或许，你并不熟悉Java编程语言，更精通C，C++，PHP，.NET等编程语言中的一种或几种，但你有良好和快速的学习能力；有可能，你参加过大学生数学建模竞赛，“挑战杯”，机器人足球比赛等；也有可能，你在学校的时候作为骨干参与学生网站的建设和开发；这些，都是我们想要的。来吧，加入我们！
本科,应届生,五险一金补充医疗保险定期体检年终奖股票期权带薪年假五险一金补充医疗保险定期体检年终奖股票期权带薪年假,4,5K,java实习工程师,北京,1、如果你想了解java开发在阿里巴巴互联网生态系统中无与伦比的应用广度与深度；2、如果你对基础技术感兴趣，你可以参与基础软件的设计、开发和维护，如分布式文件系统、缓存系统、数据库、linux操作系统和java优化等；3、如果你热衷于高性能分布式系统，你可以参与高性能分布式服务端程序的系统设计，为阿里巴巴的产品提供强有力的支持，在海量的网络访问和数据处理中设计并实施最强大的解决方案；4、如果你对电子商务产品技术感兴趣，你可以参与产品的开发和维护，完成从需求到设计，从设计到实现，从实现到交付整个软件周期内的工作；5、如果你对数据敏感，你可以参与海量数据处理和开发；6、如果你热衷于客户端的开发，你可以参与为用户提供丰富而有价值的桌面或无线软件产品你，可以是2020年毕业生，我们给你提供实习岗位，你，也可以是2019年应届毕业生，我们也有校招岗位或许，你来自计算机专业，机械专业，甚至可能是生物专业，但是，你酷爱计算机以及互联网技术，热衷于解决挑战性的问题，追求极致的用户体验或许，你痴迷于数据结构和算法，热衷于ACM，常常为看到”accept“而兴奋的手舞足蹈或许，你unix/linux/Win32环境下编程，并有相关开发经验，熟练使用调试工具，并熟悉Perl，Python，shell等脚本语言或许，你熟悉网络和多线程编程，对TCP/IP，HTTP等网络协议有很深的理解，并了解XML和HTML语言或许，你热衷于数据库技术，能够数量编写sql脚本，有mysql或oracle应用开发经验或许，你并不精通java编程语言，更精通C、C++，PHP等编程语言中的一种或几种，但你有良好和快速的学习能力有可能，你参加过大学生数学建模竞赛，”挑战杯“，机器人足球比赛等也有可能，你在学校的时候做为骨干参与学生网站的建设和开发这些，都是我们想要的，来吧，加入我们！
本科,经验不限,不打卡公司氛围好地铁周边扁平管理年终分红不打卡公司氛围好地铁周边扁平管理年终分红不打卡公司氛围好地铁周边扁平管理年终分红,3,4K,实习生,北京,因公司发展需要，现需要招聘应届生或在校生2人。实施顾问：参与项目实施，深入现场与客户交流，收集需求、设计方案、项目实施。技术人员：参与系统开发1、市场营销、计算机、软件工程、电力系统、自动化等专业。2、开朗、热情、真诚、善于沟通交流，认真负责、对工作热忱。公司简介:北京博坤信息科技有限责任公司以VR、AR、MR技术为核心，深耕电力、军工等核心行业，公司讲求“创新、突破、发展、共赢”，以人为本、以发展为核心的企业宗旨。北京博坤信息科技有限责任公司作为一家创业期公司，发挥技术人才优势，承接了大量项目，现因公司发展需要，需要招聘实习生作为公司发展人才储备。实习期间表现优异者可在毕业后转正。
本科,经验不限,带薪年假扁平管理公司氛围好带薪年假扁平管理公司氛围好带薪年假扁平管理公司氛围好,4,5K,服务器端实习生,北京,- 参与服务器端的部署和日常运维；- 参与服务器部分开发工作。- 本科大三、大四或研一计算机相关专业在读；- 熟悉Java/JavaScript/PHP/Ruby/Python语言中的一种，愿意深入学习服务器端技术；- 熟悉常用Linux/Unix命令；- 扎实的计算机相关基础知识；- 开放的心态，热爱学习，有一定的抗压能力；- 有良好的做事习惯，认真，严谨，有责任心者优先。
本科,应届生,扁平管理地铁周边公司氛围好扁平管理地铁周边公司氛围好扁平管理地铁周边公司氛围好,2,4K,Java开发实习生（2019届生源）,北京,1、根据开发进度和任务分配，完成相应模块软件的设计、程序实现及单元测试；2、配合进行集成测试、系统测试以及用户测试；3、进行软件维护，解决软件漏洞、优化软件、实现变更需求；4、对系统运行提供技术支持，解决运行维护中的问题；5、编写软件实现与维护相关技术文档等。1、2019届计算机、通信等相关专业应届生；2、熟练掌握java语言开发及J2EE通用框架使用，有SSH框架应用开发经验优先；3、熟悉MySql等数据库开发，熟练掌握SQL语句，有一定的数据库设计能力；4、熟练掌握HTML、javascript、ajax等web开发技术，熟悉http协议；5、熟悉SVN、Maven、Junit等工具；6、参与过中小型软件研发或用户软件项目建设，有独立开发单独功能模块的能力；7、善于沟通，个性开朗。注：1、我公司是中国科学院科院知识创新工程中首批转制的应用型研究机构，拥有独立的人事权，毕业生一经录用可签订三方协议并接收人事档案，优秀生源可以解决北京户口！2、 同时欢迎计算机及相关专业的同学到我单位实习、公司福利：六险二金，餐补，氛围融洽，坐标中关村。北京中科院软件中心有限公司（以下简称“软件中心”）成立于1986年，公司主要业务涉及行业信息化、系统集成、IT运维服务、嵌入式软件、互联网和移动互联网的应用服务等领域，科技成果和软件产品已广泛运用于轨道交通、数字出版、数字科技馆、医疗健康、信息安全、互联网基础服务等众多行业及领域。
本科,应届生,五险一金定期体检年终奖股票期权带薪年假节日福利保险五险一金定期体检年终奖股票期权带薪年假节日福利保险,30,40K,阿里巴巴 Java c++ 算法 20届 校招 实习,北京,"阿里巴巴研发效能事业部属于阿里云智能核心事业部之一。研发协同平台是研发效能事业部的核心产品和业务，我们打造了一站式智能研发协同平台,为阿里几万产品研发相关人员提供工具支撑，通过将优秀管理理念和工程实践落地到平台，理念工具实践相结合提升工程效率和组织效能。同时通过阿里云对外输出开放给外部客户使用，是阿里云上重要的业务之一，为全球各地企业和开发者提供软件生产运营服务，阿里巴巴集团的生态系统为我们的产品提供了丰富的场景，“ Work Like Alibaba ”将成为中国及至全世界开发者最潮流的口号。我们的使命：提升研发效能，让协作更简单，让交付更高效 我们的愿景：打造世界一流的软件生产运营梦工场1、研发类、算法类、前端类开发工程师2、熟悉相关技术栈及编程语言3、技术方向：java c/c++ golang 算法 机器学习"
硕士,应届生,五险一金定期体检年终奖股票期权带薪年假节日福利保险五险一金定期体检年终奖股票期权带薪年假节日福利保险,10,15K,JAVA开发工程师,北京,或许，你来自计算机专业，机械专业，甚至可能是学生物的； 但是，你酷爱着计算机以及互联网技术，热衷于解决挑战性的问题，追求极致的用户体验； 或许，你痴迷于数据结构和算法，热衷于ACM，常常为看到“accept”而兴奋的手足舞蹈； 或许，你熟悉Unix/Linux/Win32环境下编程，并有相关开发经验，熟练使用调试工具，并熟悉Perl，Python，shell等脚本语言； 或许，你熟悉网络编程和多线程编程，对TCP/IP，HTTP等网络协议有很深的理解，并了解XML和HTML语言； 或许，你热衷于数据库技术，能够熟练编写SQL脚本，有MySql或Oracle应用开发经验； 或许，你并不熟悉Java编程语言，更精通C，C++，PHP，.NET等编程语言中的一种或几种，但你有良好和快速的学习能力； 有可能，你参加过大学生数学建模竞赛，“挑战杯”，机器人足球比赛等； 也有可能，你在学校的时候作为骨干参与学生网站的建设和开发； 这些，都是我们想要的。来吧，加入我们！
硕士,经验不限,五险一金补充医疗保险定期体检加班补助带薪年假餐补交通补助零食下午茶五险一金补充医疗保险定期体检加班补助带薪年假餐补交通补助零食下午茶,18,35K,【全职或实习】Python/Java 后台开发工程师,北京,"我们团队具有丰富的容器经验，从 2013 年底即将容器应用到生产环境，并且开始基于开源的 mesos 和 docker 生态开发公司内部的私有容器云/微服务平台。目前容器云平台已经具有过万的生产容器稳定运行，并且多次受邀在各种行业会议上（QCon，CNUTCon，APMCon 等）做分享。* 重点院校（985/211）计算机相关专业统招硕士及以上学历，2 年工作经验以上* 熟悉 Linux 操作系统，开发环境，全 Linux 工作环境* 熟练掌握 Shell、至少掌握 Python/Java 中的一种，具有扎实的编程基础* 具备良好的学习能力，自我管理，自我驱动能力* 熟悉 Mesos、Docker，有开源项目贡献的同学优先备注：工作地点可以是北京或上海计算虚拟化团队负责在爱奇艺内部为公司提供 IaaS, PasS，深度学习云，区块链，系统性能优化，工程效率平台等服务。"
6个月,5天/周,五险一金补充医疗保险定期体检年终奖股票期权带薪年假员工旅游餐补包吃节日福利公积金高五险一金补充医疗保险定期体检年终奖股票期权带薪年假员工旅游餐补包吃节日福利公积金高公司氛围好领导nice移动互联网股票期权,200,250/天,后台研发工程师（实习）,北京,请2020、2021届本科、硕士同学投递工作内容及职责：- 基于MIUI系统上亿用户数据，负责小米互联网应用相关后台研发工作要求：- 拥有良好的Java基础，掌握常用的算法及数据结构，熟悉linux常见的操作与使用- 掌握常见的服务端开发技术，如spring、spring-boot、mybatis、druid、maven、tomcat、MySQL等- 掌握html、css、js、jquery以及echarts、bootstrap等常见框架- 掌握reactor 或 vue.js者优先- 拥有良好的的产品思维及逻辑，对将应用至上亿用户场景充满激情
本科,应届生,五险一金补充医疗保险定期体检年终奖股票期权带薪年假员工旅游餐补包吃节日福利公积金高五险一金补充医疗保险定期体检年终奖股票期权带薪年假员工旅游餐补包吃节日福利公积金高公司氛围好领导nice移动互联网股票期权,4,8K,服务端开发工程师（实习）,北京,请2020、2021届本科、硕士同学投递，2019届同学请走校招渠道，谢谢工作内容及职责：负责小米MIUI服务端架构设计及核心技术研发工作负责服务端线上服务维护及问题分析总结工作负责与团队密切沟通，并根据需求提出合理技术方案负责学习及研究新技术以满足产品需求工作要求：熟练掌握Java开发，熟悉算法和数据结构，熟悉计算机基础理论熟悉Spring、mybatis等常见的框架，熟悉Linux开发环境熟悉MySQL、Redis、MongoDB、HBase等的使用有强烈上进心，自我驱动，学习适应能力强，乐观自信，能挑战自我不断追求卓越有分布式系统或大规模线上系统开发经验的优先
本科,应届生,五险一金定期体检年终奖股票期权带薪年假节日福利保险五险一金定期体检年终奖股票期权带薪年假节日福利保险电子商务股票期权带薪年假年度旅游不打卡美女如云扁平管理公司氛围好,2,7K,阿里巴巴新零售实习生-研发,北京,要求2020年毕业，本科以上，没有投递过阿里实习岗位的学生：如果你想了解JAVA开发在阿里巴巴互联网生态系统中无与伦比的应用广度与深度； 如果你对基础技术感兴趣，你可以参与基础软件的设计、开发和维护，如分布式文件系统、缓存系统、Key/Value存储系统、数据库、Linux操作系统和Java优化等； 如果你热衷于高性能分布式技术，你可以参与高性能分布式服务端程序的系统设计，为阿里巴巴的产品提供强有力的后台支持，在海量的网络访问和数据处理中，设计并设施最强大的解决方案； 如果你喜欢研究搜索技术，你可以参与搜索引擎各个功能模块的设计和实现，构建高可靠性、高可用性、高可扩展性的体系结构，满足日趋复杂的业务需求； 如果你对电子商务产品技术感兴趣，你可以参与产品的开发和维护，完成从需求到设计、开发和上线等整个项目周期内的工作； 如果你对数据敏感，你可以参与海量数据处理和开发，通过sql、pl/sql、java进行etl程序开发，满足商业上对数据的开发需求； 如果你热衷于客户端开发，你可以参与为用户提供丰富而有价值的桌面或无线软件产品。阿里巴巴新零售技术部，以新零售的商业模式与技术体系为基础，搭建中国农村市场的新零售渠道体系，涉及各业态的门店建站，管理，运营，供应链、物流、交易、门店智能、无线终端等多种技术领域。在这里能够感受到中国最前沿的商业思路与技术体系。
本科,经验不限,,3,6K,后端开发实习生,北京,维护、开发黄油相机App的后端服务要求：- 熟练掌握Kotlin/Java/C/C++/Ruby等任意一种语言。- 有过服务端开发经验。- 有自己的作品。加分：- 对Docker、微服务、Kubernetes、RESTful API有所了解。- 熟悉Spring系列框架。- 对单元测试、重构、敏捷开发、持续集成感兴趣或有所了解。- 有自己的技术博客或笔记实习期后有机会转正呦
本科,应届生,五险一金带薪年假节日福利零食下午茶五险一金带薪年假节日福利零食下午茶,3,6K,Java实习生,北京,统招本科学历2020级毕业生良好团队协作能力要求能尽快开始实习
硕士,应届生,五险一金补充医疗保险定期体检年终奖带薪年假餐补通讯补贴交通补助五险一金补充医疗保险定期体检年终奖带薪年假餐补通讯补贴交通补助带薪年假地铁周边公司氛围好央企旗下国企六险一金工会活动,3,5K,java开发实习生（19届毕业）,北京,1.根据需求文档进行界面原型的开发；2.根据需求文档进行数据库设计工作；3.进行应用软件开发编程工作；4.对开发出的用例进行单元测试工作；5.具有一定的文档编写基础，可编写需求文档和用户使用手册等。要求：1、2019年应届毕业生，211/985研究生学历，计算机相关专业2、熟悉Java编程语言；3、了解J2EE架构下的开发，了解SSH或SSI开发框架；4、能够对主流数据库进行开发；5、具有良好的沟通能力及团队合作精神；6、具有良好的敬业精神，工作踏实、责任心强；7、能在2019年4月开始实习优先注：此岗位为长期实习岗，能实习到毕业，且实习期间表现突出，公司对符合条件的学生择优解决北京户口！公用应用事业本部致力于为知识产权政府机构、专利代理机构、企事业单位和科研院所、交通部委等提供全方位的解决方案。在使用大数据、云服务和移动互联、物联网及AI等技术方面，有深入的体验。该部门已建立一支涵盖咨询、售前、开发、实施、运维的技术团队，该团队拥有近300人的规模，为国家的信息化建设做出贡献。
本科,应届生,五险一金年终奖股票期权带薪年假零食下午茶五险一金年终奖股票期权带薪年假零食下午茶扁平管理领导nice公司氛围好,4,9K,Java开发实习生,北京,1、根据导师安排参与公司融媒体产品(云存储、内容爬取、数据分析、资讯分发)的开发；2、根据导师安排参与中国能源App数据接口的开发；1、全日制本科及以上学历，计算机相关专业，有实际项目经验者优先；2、熟悉Java语言，了解多线程编程、网络编程；3、熟悉SpringBoot、SpringCloud、Mybatis框架，熟悉UML建模、数据建模等；4、熟悉Linux基本操作，能熟练配置Ngnix/Tomcat/Undertow等容器优先；5、熟悉数据结构、算法、网络相关知识；6、对工作充满热情，逻辑性强；7、拥有良好的编码习惯、沟通协作能力和学习能力；
本科,1年以内,五险一金补充医疗保险定期体检年终奖股票期权带薪年假员工旅游餐补交通补助包吃节日福利住房补贴零食下午茶五险一金补充医疗保险定期体检年终奖股票期权带薪年假员工旅游餐补交通补助包吃节日福利住房补贴零食下午茶,10,15K,后端开发实习生,北京,参与公司核心数据平台的方案设计与功能开发必须：211本科及以上学历，计算机相关专业熟练掌握 Go/C++/Java 中至少一门编程语言，有Go开发经验者优先；熟练掌握至少一种数据库基本功扎实、熟悉常见设计模式有责任心、自我驱动、快速学习能力
学历不限,经验不限,五险一金定期体检年终奖股票期权带薪年假员工旅游交通补助节日福利零食下午茶五险一金定期体检年终奖股票期权带薪年假员工旅游交通补助节日福利零食下午茶,3,5K,后端Java实习生 (MJ000125),北京,工作职责：1.负责后端开发及Office解析相关工作1.正规统招本科以上学历，大三，大四，研一，研二优先（应届毕业生勿投）；2.每周实习不少于4天，连续3个月以上；3.掌握linux系统下常用操作命令；4.熟悉java、python、shell；5.熟悉mongodb、mysql；6.对常用数据结构和算法有一定的了解。
硕士,应届生,五险一金补充医疗保险定期体检全勤奖年终奖股票期权带薪年假员工旅游免费班车餐补交通补助包吃节日福利零食下午茶五险一金补充医疗保险定期体检全勤奖年终奖股票期权带薪年假员工旅游免费班车餐补交通补助包吃节日福利零食下午茶,10,15K,Java,北京,"1（学历）研究生以上学历，计算机或相关专业2精通JAVA，深入理解jvm、多线程3（开源）常用开源框架如Spring、Struts、Ibatis、Redis、MQ、Dubbo等有深入的了解，读过框架源码者优先4（分布式）熟悉分布式系统的设计和应用，熟悉缓存、消息、负载均衡等机制和实现5（前端）对前端技术jQuery、CSS有一定的了解和掌握；6（数据库）熟悉Mysql、MongoDb7（业务）互联网背景 , 熟悉电商财务结算业务，供应商链业务优先8（其他语言）熟练掌握linux命令，熟悉linux优先9（人）靠谱负责善沟通10（特殊系统）参与过计费系统架构设计和开发的优先录用"
本科,应届生,五险一金定期体检年终奖股票期权带薪年假节日福利保险五险一金定期体检年终奖股票期权带薪年假节日福利保险地铁周边领导nice公司氛围好电子商务不打卡带薪年假股票期权,3,8K,【阿里巴巴】阿里云 Java/C++实习生招聘,北京,未来，云计算会像水和电一样，成为全社会的计算/存储基础设施。我们是阿里云开放API中台-IAM团队，负责设计和研发一系列阿里云基础底座服务；•	我们团队负责设计和研发阿里云一系列核心基础组件；•	我们的技术组件支撑阿里云的所有产品；•	我们的技术组件服务四大洲(非洲确实暂未)，零大洋(海上暂未部署机房)我们诚招技术基础扎实，对技术有热情的同学加入我们，成为我们的伙伴。•	如果你熟悉一门主流的语言，例如C++、Java或者Python，并且具备较好的实战经验；•	如果你数据结构、算法扎实，熟悉网络、数据库、操作系统基础知识；•	如果你了解一些设计模式和架构模式，并且被他们的精妙所吸引；•	如果你身边的同学遇到技术问题时会向你求助；•	如果你期望自己的代码可以惠及『淘宝』『天猫』『支付宝』『菜鸟』以及成千上万的企业；联系我！不要错失进入云计算领域的宝贵机会！招聘对象：2020年毕业应届生(2019.11-2020.07毕业)简历投递截至：4月23日学历：本科及以上工作地：杭州，北京
本科,经验不限,,3,4K,java开发实习生,北京,工作职责：1：java后端开发工作2：关于海尔智能设备接入和调试工作1、熟悉java开发基础技能2、熟悉oracle或mysql数据库开发3、熟悉Spring+SpringMVC+Mybatis框架，熟悉sprintboot，有做过此框架的开发项目者优先考虑4、学习能力强、有责任心、能够顶住压力5、要求本科大三在校生实习期每周要5天，最少6个月以上。(不转正）！！！！！！要求：统招本科 计算机相关专业（计算机科学与技术  网络工程 软件工程）
本科,经验不限,,5,10K,java实习生（应届）,北京,"1、本科学历，计算机相关专业毕业2、理解面向对象编程思想，扎实的Java开发功底，了解通信相关技术Dubbo等3，了解Spring,Mybatis等主流框架，有一定的Web开发经验4，熟练使用MySQL 数据库5，理解IO、多线程，对JVM原理熟悉,有相关开发经验者优先6，熟悉Html/Javascript/JQuery/Ajax/Bootstrap等前端技术7，有强烈责任心、团队精神、热爱技术、有很强的自我学习能力加分项：1，参加过ACM等计算机比赛，得奖者更佳2，有技术博客或者在github等平台发布过代码"
本科,应届生,五险一金补充医疗保险定期体检带薪年假餐补通讯补贴交通补助五险一金补充医疗保险定期体检带薪年假餐补通讯补贴交通补助,3,4K,Java开发实习生,北京,1、211高校计算机科学技术专业优秀硕士或本科，硕士优先2、熟练掌握Java开发，熟悉常用的数据结构、多线程编程3、责任心强，善于学习，具有独立分析并解决问题的能力4、对新技术、新产品敏感，能快速学习并具备较强的技术领悟能力5、熟悉Hadoop/Spark/Lucene等开源技术者优先6、熟悉Kettle等开源ETL工具者优先7、熟悉Swing开发者优先
本科,应届生,五险一金定期体检年终奖股票期权带薪年假节日福利保险五险一金定期体检年终奖股票期权带薪年假节日福利保险股票期权带薪年假年度旅游不打卡领导nice移动互联网电子商务公司氛围好,10,15K,java实习生北京,北京,"1.海内外院校2020届毕业生（毕业时间：2019年11月-2020年10月）2.具备扎实的计算机理论基础, 对数据结构及算法有较强的功底；3.精通Java语言编程，具备优秀的系统Debug/Profiling能力和经验；4.熟悉常见的面向对象设计模式，具备优秀的系统架构设计能力；5.具备良好的软件工程研发素质、极限编程以及敏捷开发优先6.具有大规模分布式架构设计经验者优先；"
大专,应届生,地铁周边领导nice扁平管理移动互联网公司氛围好不打卡地铁周边领导nice扁平管理移动互联网公司氛围好不打卡地铁周边领导nice扁平管理移动互联网公司氛围好不打卡,7,10K,Java开发实习生,北京,1.web端产品的服务后端的开发2.设计文档编写与维护3.第三方应用接口开发大学专科以上学历，计算机相关专业，有互联网产品相关经验。技能要求：熟练使用SpringMVC、Struts2、Spring、Mybatis、Hibernate等开源框架，有优化配置等相关经验的优先；熟悉sql优化，了解java的缓存机制，熟悉ehcache、memcached、radis等缓存技术（其中一到两种即可），并有实际的使用经验，熟练使用JQuery、JQuery UI、EasyUI等前端框架，有实际使用经验优先，熟悉token验证机制。
硕士,经验不限,五险一金补充医疗保险定期体检年终奖带薪年假免费班车餐补通讯补贴节日福利零食下午茶五险一金补充医疗保险定期体检年终奖带薪年假免费班车餐补通讯补贴节日福利零食下午茶,3,5K,java实习生,北京,"1.按照开发流程与规范，独立完成功能模块的编码和单元测试工作；2.与团队成员一起配合测试工程师完成集成测试和系统测试工作，完成BUG的修改工作；3.完成团队安排的其它开发任务。1、硕士以上学历2、理解面向对象编程思想，理解代码复用和接口的可扩展，有良好的编码风格岗位描述和文档能力3、熟悉Java Core和开源框架，如Spring, MyBatis, JUnit等4、了解分布式服务框架或RPC远程过程调用协议，熟悉Restful， TCP/UDP, 多线程、MQ等知识5、熟悉JVM的内存机制，了解Java性能优化6、熟悉数据库基本原理，熟悉MySQL或Oracle数据库，了解SQL的性能优化。了解NOSQL数据库、了解缓存机制7、熟练使用Linux操作系统，能熟练编写Shell脚本8、有Java开发经验者优先"
本科,应届生,五险一金补充医疗保险定期体检年终奖股票期权带薪年假员工旅游免费班车餐补节日福利五险一金补充医疗保险定期体检年终奖股票期权带薪年假员工旅游免费班车餐补节日福利股票期权带薪年假年度旅游不打卡美女如云移动互联网互联网金融给力年终奖,6,8K,JAVA实习生（北京、杭州）,北京,该实习岗位只针对毕业时间:2019年11月-2020年10月期间本科及以上毕业的同学，请不是该时间段毕业的同学不要投递，简历邮箱：*****面试：3月-5月滚动进行offer发放：3月-5月滚动进行实习：offer发放后随时入职如果你想了解JAVA开发在阿里巴巴互联网生态系统中无与伦比的应用广度与深度； 如果你对基础技术感兴趣，你可以参与基础软件的设计、开发和维护，如分布式文件系统、缓存系统、Key/Value存储系统、数据库、Linux操作系统和Java优化等； 如果你热衷于高性能分布式技术，你可以参与高性能分布式服务端程序的系统设计，为阿里巴巴的产品提供强有力的后台支持，在海量的网络访问和数据处理中，设计并设施最强大的解决方案； 如果你喜欢研究搜索技术，你可以参与搜索引擎各个功能模块的设计和实现，构建高可靠性、高可用性、高可扩展性的体系结构，满足日趋复杂的业务需求； 如果你对电子商务产品技术感兴趣，你可以参与产品的开发和维护，完成从需求到设计、开发和上线等整个项目周期内的工作； 如果你对数据敏感，你可以参与海量数据处理和开发，通过sql、pl/sql、java进行etl程序开发，满足商业上对数据的开发需求； 如果你热衷于客户端开发，你可以参与为用户提供丰富而有价值的桌面或无线软件产品。或许，你来自计算机专业，机械专业，甚至可能是学生物的； 但是，你酷爱着计算机以及互联网技术，热衷于解决挑战性的问题，追求极致的用户体验； 或许，你痴迷于数据结构和算法，热衷于ACM，常常为看到“accept”而兴奋的手足舞蹈； 或许，你熟悉Unix/Linux/Win32环境下编程，并有相关开发经验，熟练使用调试工具，并熟悉Perl，Python，shell等脚本语言； 或许，你熟悉网络编程和多线程编程，对TCP/IP，HTTP等网络协议有很深的理解，并了解XML和HTML语言； 或许，你热衷于数据库技术，能够熟练编写SQL脚本，有MySql或Oracle应用开发经验； 或许，你并不熟悉Java编程语言，更精通C，C++，PHP，.NET等编程语言中的一种或几种，但你有良好和快速的学习能力； 有可能，你参加过大学生数学建模竞赛，“挑战杯”，机器人足球比赛等； 也有可能，你在学校的时候作为骨干参与学生网站的建设和开发； 这些，都是我们想要的。来吧，加入我们！
本科,应届生,五险一金补充医疗保险定期体检加班补助年终奖带薪年假员工旅游餐补通讯补贴节日福利零食下午茶五险一金补充医疗保险定期体检加班补助年终奖带薪年假员工旅游餐补通讯补贴节日福利零食下午茶,3,6K,Java实习生（2020届）,北京,工作职责：1、参与产品开发项目或者客户现场项目，根据程序经理/项目经理的工作安排，完成软件模块详细设计、代码编写以及单元测试；2、产品相关技术性文档的编写。1、计算机或相关专业本科或硕士在读；2、熟悉Java、Eclipse，了解Socket、Web Service、JMS任何一项技术者优先；3、对项目管理、软件工程有一定了解者优先；4、具备较好的沟通表达能力；5、具备较强的工作主动性和责任感；6、实习期6～12个月，每周工作至少4天以上（连续）。实习待遇:1、实习生是普元后备骨干人才的重要来源，普元为实习生提供尽早熟悉商业环境、了解企业实际的实习机会6-12个月，通过知识培训和项目实践使学生尽快掌握岗位技能，经过实习的新员工将不设试用期。2、普元为每位实习生提供一名导师，导师将提供全方位的工作指导，帮助学生达成每个阶段的工作目标和能力提升计划。3、普元提供的薪资待遇包含实习补贴、电脑补贴、月度奖励等。4、普元提供基于岗位技能提升的各项培训，提供充满挑战的产品研发、项目研发机会。​​
硕士,应届生,五险一金补充医疗保险定期体检年终奖股票期权带薪年假员工旅游免费班车餐补交通补助包吃节日福利团建费五险一金补充医疗保险定期体检年终奖股票期权带薪年假员工旅游免费班车餐补交通补助包吃节日福利团建费高智能互联网电动汽车,4,5K,Java开发工程师（实习生）,北京,1、参与智能对话服务平台或者数据平台的设计、研发和优化。2、参与负责模块的需求分析、文档编写、技术方案制定等工作。1、计算机相关专业，本科及以上学历。2、对新技术有执着追求，CS基础扎实，热爱编程，代码能力强。3、熟练掌握Java技术，能深入理解框架工作原理。有SpringBoot 、SpringCloud实战经验者优先。4、有较强的自学能力和钻研精神，具有良好的沟通能力和团队合作能力。小鹏高智能互联网汽车是一家集硬件、软件和运营于一体的高科技制造公司。公司定位于中国的年轻互联网用户，以自动驾驶和智能网联为核心差异化，致力于打造高智能进化互联网汽车。公司愿景是成为世界级智慧出行运营商和设备制造商。小鹏汽车董事长是UC优视联合创始人何小鹏，曾任阿里巴巴移动事业群总裁。
硕士,应届生,五险一金补充医疗保险定期体检年终奖股票期权带薪年假员工旅游餐补交通补助包吃节日福利住房补贴零食下午茶五险一金补充医疗保险定期体检年终奖股票期权带薪年假员工旅游餐补交通补助包吃节日福利住房补贴零食下午茶不打卡扁平管理免费零食地铁周边领导nice公司氛围好股票期权,4,8K,Java实习生,北京,Java实习生关键字：Java、Kafka、Spark、Flink1. 参与自动驾驶物流解决方案的落地，Java微服务设计、开发、测试、部署、监控；2. 参与 Spark/Flink 流式计算平台构建，使用 Java/Scala 构建任务；1. 硕士以上学历，985/211院校优先，有分布式系统经验者优先；2. 熟悉Java语言，OOP编程，了解多线程、网络编程等知识；3. 熟悉常用设计模式，了解常用数据结构和算法；4. 熟悉Shell脚本编程及常用Linux操作命令；5. 实习期可每周工作4天，可实习3个月以上；6. 学习能力强、有责任心、能够承担压力；1. 有公有云使用经验；2. 有喜欢的体育运动；Momenta成立于2016年，致力于“打造自动驾驶大脑”，其核心技术是基于深度学习的环境感知、高精度地图、驾驶决策算法。产品包括不同级别的自动驾驶方案，以及衍生出的大数据服务。Momenta团队包括被广泛使用的深度学习框架Faster R-CNN和ResNet的作者， ImageNet、MS COCO Challenge 等多项国际比赛冠军。
高中,经验不限,五险一金加班补助年终奖带薪年假节日福利零食下午茶五险一金加班补助年终奖带薪年假节日福利零食下午茶扁平管理领导nice移动互联网电子商务公司氛围好,6,7K,Java开发实习生,北京,招聘软件开发实习生，薪资6-8左右。年龄21_28
6个月,5天/周,五险一金定期体检年终奖带薪年假节日福利零食下午茶五险一金定期体检年终奖带薪年假节日福利零食下午茶,150,200/天,java开发实习生,北京,"1. 协助公司项目开发；2. 根据需求文档进行相关产品的开发、撰写开发文档；3. 保质保量按时完成开发任务；1.本科及以上学历，计算机相关专业，2020届毕业生；2.熟悉Java编程，spring.mvc、spring、  mybatis 、volacity 、easyUI、 jquery、bootstrap；3.熟悉sql语句和数据存储过程编写，了解sql语句性能调优；4.有互联网项目、电商项目开发经验者优先考虑；5.有linux系统,redis缓存,nginx服务器使用经验者优先考虑。"
硕士,应届生,五险一金补充医疗保险定期体检年终奖带薪年假免费班车餐补通讯补贴交通补助五险一金补充医疗保险定期体检年终奖带薪年假免费班车餐补通讯补贴交通补助扁平管理公司氛围好领导nice带薪年假,2,4K,后端开发实习生,北京,"实习天数：5天/周1、负责后台应用服务器编写；完成数据接口、数据库、后台的开发工作；2、参与产品架构设计。3、按照分配的工作，独立、高效的完成开发工作；1、计算机及相关专业，基础扎实，硕士及以上学历；2、熟悉JAVA ，熟练掌握SpringMVC、Spring、Maven等，对jvm虚拟机有一定了解；3、熟悉 HTTP、REST、JSON 等常用技术和数据结构；4、接触过动态语言如perl，python，ruby等；5、熟悉MySQL或其他关系型数据库；了解分布式数据库，如MongoDB；熟悉当前比较流行的WEB容器的结构、部署、调优,熟悉各种容器优缺点尤佳。6、有大并发请求的开发和优化经验者优先。Plus：- 有良好的编程习惯和素养- 具备较强地沟通协作能力，善于学习，有较强地分析解决问题的能力- 对新技术的发展趋势保持关注，能不断学习最新技术，爱好创新注意：此招聘长期有效"
硕士,应届生,五险一金补充医疗保险定期体检加班补助带薪年假餐补交通补助零食下午茶五险一金补充医疗保险定期体检加班补助带薪年假餐补交通补助零食下午茶关键业务团队发展空间大,3,6K,后端研发实习生,北京,爱奇艺后端开发和技术研究相关工作1、掌握使用 Java 编程，具有一定的 Java 项目开发相关经验；2、积极进取，有良好的团队合作精神；3、聪明好学，认真细心；具有优秀的学习能力；4、北京在校研究生，实习时间要求半年及以上，每周至少保证3个工作日；温馨提醒：如果 7 天内您没有收到爱奇艺的面试邀请，那么目前我们不会安排您参加后续的面试环节，感谢您的理解和对爱奇艺的关注与认可。爱奇艺会员技术团队，负责爱奇艺核心VIP会员业务
3个月,4天/周,五险一金补充医疗保险定期体检年终奖带薪年假五险一金补充医疗保险定期体检年终奖带薪年假年度旅游扁平管理地铁周边领导nice公司氛围好,200,210/天,（2020届）Java研发实习生,北京,1、承接项目任务分配，根据任务具体要求，完成软件研发及运行维护等工作；2、负责相关文档类材料的编写、更新等工作;3、负责项目组开发、管理类软件的运维工作。1、计算机相关专业，本科以上学历；2、在校期间学习过较全面的计算机原理、数据结构、设计模式、计算机网络、数据库技术等软件工程知识；3、Java基础良好，熟练使用SSM框架，熟练使用svn等版本管理工具、熟练使用Eclipse/IDEA等开发工具；4、熟练使用SpringBoot、SpringCloud、Maven等优先；5、在校期间参与过软件开发竞技比赛并取得较好成绩的优先；6、学习能力强，认真能吃苦，有良好的沟通表达能力。PS：参与公司中千万级项目，表现良好，毕业后优先转正，可接受每周固定出勤几天。
硕士,1-3年,五险一金补充医疗保险定期体检年终奖股票期权带薪年假包吃节日福利零食下午茶五险一金补充医疗保险定期体检年终奖股票期权带薪年假包吃节日福利零食下午茶不打卡带薪年假免费三餐固定14薪租房补助股票期权节日礼包七险一金,3,6K,知识图谱Java实习生,北京,1、知识图谱技术平台的设计、开发和自测；2、知识图谱应用产品的设计、开发和自测；3、参与产品设计，与团队共同制定产品方案。1、计算机或相关专业本科及以上学历，985、211院校优先考虑；2、熟练掌握数据结构、算法、数据库、计算机网络、操作系统等基础知识；3、精通Java语言，有实际项目开发经验者优先;4、对知识图谱有经验或兴趣者优先，有图数据库开发经验者优先；5、有较强的学习能力和团队合作能力，有主动性、责任心和上进心；6、对医疗行业有兴趣，对业务和产品有兴趣，有相关经验者优先；7、每周至少能够实习4天，能全职实习者优先，能长期实习者优先。医渡云是专注于医疗大数据的高科技企业，在行业内处于绝对领先地位。公司与中国领先的医疗机构共同建立“医疗大数据”平台，利用机器学习和人工智能技术，助力医疗机构和医生，为患者提供更好的医疗服务。团队成员主要来自百度、阿里巴巴、GE、301医院等企业和机构，具有丰富的大数据及医疗行业经验。
硕士,应届生,,2,6K,Java开发实习生2020年毕业生,北京,"1.     根据项目要求负责JAVA应用系统的代码的编写.2.     依据产品需求积极参与项目，包括需求分析、系统设计和程序开发等，维护高并发下的服务稳定.1、   具有java开发相关工作经验。2、   熟悉缓存memcache,mongodb，redis等分布式系统。3、   熟悉JAVA、J2EE体系结构，对Jsp、Servlet、Html、Javascript有深入的了解；4、   精通开源框架，如：spring,struts,mybatis，能够了解其原理，了解微服务开发架构。5、   能够提供疑难问题的解决方案，较强的解决问题的能力7、   熟练一到两种主流数据库，oracle,sql server, mysql等。本岗位只招聘2020年7月毕业的同学。"
硕士,应届生,,4,5K,Java服务端开发工程师（实习）,北京,主要工作：在资深工程师的带领下，完成支付平台相关功能的开发。1. 2020年或2021年毕业，保证至少4天/周，持续实习5个月以上 。2. 本科以上学历，计算机、软件工程、数学、通信等相关专业。3. 基础扎实，包括数据结构、算法，数据库，操作系统，网络等；4. 有java开发经验的优先，有其他知名公司实习经验的优先。5. 有大数据开发、数据建模、处理和分析相关经验优先。通过实习能获得：​1. 实习期间表现优秀，可以提前获得小米的校招offer，在户口方面优先考虑。2. 应用互联网公司主流技术栈，能学到和用到通用的、行业领先的技术。3. 各种福利：行业领先产品、公司重点项目、大平台成长快、团队氛围非常nice，零食水果，免费运动小组和场地，还有其他数不过来的福利。
3个月,4天/周,股票期权带薪年假不打卡扁平管理领导nice移动互联网公司氛围好股票期权带薪年假不打卡扁平管理领导nice移动互联网公司氛围好股票期权带薪年假不打卡扁平管理领导nice移动互联网公司氛围好,200,300/天,校招-软件开发实习生,北京,加入我们，用优秀的架构、干净的代码实现业务运行逻辑、基本功能实现、数据业务挖掘，甚至是全流程参与全新产品的研发；加入我们，你就能用代码影响产品，为互联网及区块链产品提供专业的后台支撑体系。加入我们，你就能成长为最优秀的软件编码、测试模块的开发人士，未来的你一定是java达人或C++大牛；也可能是PHP，GO，前端高手；不论你是否只是个痴迷技术的新人，只要你拥有极客精神，愿意在互联网的研发世界和顶级技术大牛过招，来吧，绚丽的舞台已经搭建完毕，任何条条框框都阻拦不了优秀的你。我们的目标就是让优秀的你未来可期！理想的求职者1、 应届毕业生或毕业一年内海外留学者2、 热爱互联网，对软件开发抱有浓厚兴趣，善于学习，勇于挑战新知识3、 思路灵活多变，愿意深入coding世界，能与大牛们打成一片4、 只要你学习过以下一个专业领域，掌握相关理论知识，就欢迎你前来骚扰：Java相关技术和框架(Struts、Spring、Hibernate、iBATIS)知识；前端框架知识（Bootstrap、Angular、Vue.js）；PHP、 Go、C/C++ 等相关开发语言；加分（非必备）项：有获奖经历/有学生干部经验/优秀毕业生/获优秀毕业论文者/博士毕业生
4个月,4天/周,五险一金定期体检加班补助年终奖带薪年假员工旅游免费班车餐补交通补助节日福利五险一金定期体检加班补助年终奖带薪年假员工旅游免费班车餐补交通补助节日福利带薪年假领导nice公司氛围好不打卡地铁周边,150,300/天,软件实习生,北京,熟悉JAVA开发语言，熟悉数据库理论及SQL语言，熟悉J2EE常用开发框架的优先。实习软件工程师。跟着师傅系统性的学习软件开发，软件测试等专业技能。有真实商业项目实战的机会；宽进严出，选拔时对技术基础要求低，看重综合素质和发展潜力；定期考核，每月剔除不合格员工；优秀的实习生可以在毕业后直接入职公司并转正。欢迎计算机相关专业大三大四在读学生。也欢迎逻辑思维能力强的非相关专业在校生如果你好学上进，想在软件业有一个靠谱的起点，请选择来中科软实习吧！备注：1、2019年拿到毕业证的和大专生勿扰！2、需要学校可以开具实习证明。
本科,1-3年,领导nice地铁周边带薪年假公司氛围好领导nice地铁周边带薪年假公司氛围好领导nice地铁周边带薪年假公司氛围好,10,13K,java工程师,北京,1.熟悉使用spring-boot2.熟悉spring-cloud或dubbo，以及部署。3.熟悉mvn架构服务。4.了解数据库优化。5.了解vue或angular。6.熟悉linux系统操作。博瑞凯管理咨询成立于2008年，十年中，我们以专业的财税服务为切入点，依靠专业团队，致力于为中小企业提供财税服务和咨询顾问的综合机构。首财官智能财务软件是博瑞凯旗下自行研发的软件产品。它通过财务大数据分析，查找企业管理运营失控点，降低企业运营管理成本，提升企业运营抗风险能力。
大专,1-3年,,3,6K,Java软件开发实习生,北京,JAVA工程师 岗位职责：1.1年以上JAVA WEB开发工作经验 ;2.负责程序开发、测试、部署和系统的日常维护、修改工作; 3.学习能力强，拥有优秀的逻辑思维能力，有较强的学习创新能力;4.具有良好的沟通、交流、需求理解能力，工作积极主动，责任心强，能承担一定的工作压力。
本科,应届生,五险一金加班补助年终奖带薪年假通讯补贴交通补助出差补助五险一金加班补助年终奖带薪年假通讯补贴交通补助出差补助地铁周边领导nice带薪年假公司氛围好,2,3K,实习生,北京,JAVA开发实习生，专业不限。核心团队从业金融行业平均超过10年，成员从国内外金融It名企的高管团队、中国金融管理领域的精英组成，还有来自金融业的从业资深顾问以及核心技术研发领军人。
本科,经验不限,,4,6K,研发实习生,北京,"此职位接受暑期实习&长期实习负责相关业务后端服务/数据处理流程/基础架构及平台设计开发工作。1. 熟练掌握一门或多门开发语言 (Java, C++等)；2. CS基础扎实，熟练掌握数据结构、计算机网络、操作系统、多线程、数据库等基础知识；3. 本科及以上学历，计算机相关专业，每周可实习4天以上，持续6个月以上；4. 具备优秀的逻辑思维能力，对解决挑战性问题充满热情，善于分析问题解决问题；5. 良好的团队协作精神，较强的沟通能力和学习能力，富有责任心。"
硕士,应届生,五险一金补充医疗保险定期体检年终奖股票期权带薪年假员工旅游免费班车餐补节日福利五险一金补充医疗保险定期体检年终奖股票期权带薪年假员工旅游免费班车餐补节日福利,6,11K,蚂蚁金服后台/前端/java/数据实习生招聘,北京,1、就读于国内985/211大学或国外知名学院的计算机、软件、电子信息等专业；2、2020年毕业的本科、硕士、博士，主攻方向为Java、数据、算法中的一个即可；3、掌握JAVA等编程语言及工具，对数据结构、算法、数据库、操作系统基本原理、计算机体系结构、计算机网络、离散数学等基础学科掌握扎实；4、对某一领域有强烈的好奇心，愿意为此投入更多额外精力，有实际动手经验，并取得最终的成果；5、如有实际动手经验，并有一定成果（技术运用到实际场景并解决问题），或有重要学术论文发表在国际顶级会议或期刊，或有相关计算机领域专利，此为加分项。
硕士,经验不限,五险一金定期体检带薪年假免费班车餐补节日福利零食下午茶五险一金定期体检带薪年假免费班车餐补节日福利零食下午茶扁平管理人工智能领导nice股票期权带薪年假不打卡,2,3K,软件研发实习生,北京,工作职责：-负责参与公司舆情分析监控工具和平台开发-参与公司日志采集传输系统开发-舆情风险分析、热点事件监控，问题定位跟踪算法开发-参与公司流式统计平台开发-计算机相关专业，本科及以上-有较为丰富的linux下C++/PHP/Java项目经验-熟悉数据结构等基础知识-执行力强，思维敏捷，做事靠谱QEC工程质量中心，业内资深的工程实践团队。团队当前主攻产品舆情 用户反馈方向，致力于AI技术在NLP方向的应用，打造专业的反馈舆情解决方案。
本科,1年以内,五险一金补充医疗保险定期体检年终奖带薪年假餐补通讯补贴交通补助包吃节日福利零食下午茶五险一金补充医疗保险定期体检年终奖带薪年假餐补通讯补贴交通补助包吃节日福利零食下午茶,4,5K,Java 实习生,北京,1、如果你热爱编程，热爱学习最酷的技术。2、如果你的目标是极客工程师，喜欢工程师文化，喜欢自组织，扁平化管理的工作氛围。3、如果你喜欢接受挑战，喜欢攻克一个个难题后带来的成就感。4、追求做一个编码艺术家，而不是一个码农。那么，我们需要的就是你！！！我们的工作是传统CRM行业向互联网转型，旨在一起影响CRM行业。拥抱开源，崇尚敏捷实践。1、熟悉java/.net/python等任意一种开发语言，了解设计模式/设计原则，熟悉面向对象的分析设计和工具。2、熟悉掌握SQL语言，能够熟练进行数据库设计，有Oracle、MySQL、SQL Server等相关数据库项目开发经验。3。熟悉HTML、XML、JSON、JavaScript、AJAX等相关WEB技术。4、计算机科学或相关专业领域的本科及以上学历；5、具备良好的代码编程习惯，具备良好的沟通和口头及书面表达能力；良好的学习能力及较强的团队精神；6、英语能力突出。7、学习能力强，基础好8、在校生
硕士,经验不限,五险一金补充医疗保险定期体检加班补助全勤奖年终奖股票期权带薪年假员工旅游免费班车餐补通讯补贴交通补助包吃节日福利住房补贴零食下午茶五险一金补充医疗保险定期体检加班补助全勤奖年终奖股票期权带薪年假员工旅游免费班车餐补通讯补贴交通补助包吃节日福利住房补贴零食下午茶,2,4K,Java实习生,北京,"公司介绍：阿里健康科技（中国）有限公司，是阿里巴巴集团投资控股的公司之一。凭借阿里巴巴集团在电子商务、大数据和云计算领域的优势，阿里健康以用户为核心，为医药健康行业提供全面的互联网解决方案。作为在线医药服务和医药O2O的先行者，阿里健康正在打造完整的线上线下一体的医药健康服务网络。?    招募人群：20年毕业的硕士及以上在读学生，计算机、算法、数据挖掘、机器学习等相关专业。?    职位亮点：与阿里系技术大牛共事，团队氛围好，分配师兄一对一指导帮助成长，实习期表现优异者有转正机会，有适当福利补助。?    实习时间要求：每周可实习4天，可连续实习2个月或以上。?    实习地点：北京市朝阳区望京绿地中心?    简历命名格式：职位+学校+毕业时间+姓名+可实习时间+可实习时长?    统一收简历邮箱：*****-inc.com?    职位：JAVA开发实习生1、 参与需求评审、功能设计和服务端编码开发；2、 参与新技术预研；3、 和众多优秀的工程师一起用新技术在医疗健康领域进行创新；1、具备较强的编程基本功，熟练掌握JAVA编程语言，熟悉常用数据结构与算法；2、熟悉网络编程、多线程编程、分布式、搜索原理等；3、了解主流数据库（MySQL或Oracle），熟练使用SQL语言；4、有spring, mybatis 等开源软件使用经验优先；5、具备较强的学习能力和意愿；具备良好的沟通能力，强烈的责任心和团队合作精神；6、 热爱计算机以及互联网技术，热衷于解决挑战性的问题，追求极致的用户体验；7、 有竞赛经验（e.g. 大学生数学建模竞赛、“挑战杯”、机器人足球比赛）、项目实习经验者优先。"
本科,1-3年,,5,6K,软件工程师实习生,北京,1.针对特定行业需求，撰写需求分析报告，参与总体设计。2.参与项目的系统设计和核心代码开发。3.参与软硬件集成工作。
本科,经验不限,五险一金补充医疗保险定期体检年终奖带薪年假免费班车餐补通讯补贴交通补助五险一金补充医疗保险定期体检年终奖带薪年假免费班车餐补通讯补贴交通补助,3,4K,软件开发工程师岗位实习生,北京,一、招聘岗位二、岗位职责1.	负责应用系统后端功能模块的开发、测试与问题维护；2.	建立与完善开发相关文档；3.	协助完成系统整体联调与部署发布。三、应聘条件1.	本科及以上学历，硕士在读学生，具有软件开发工作经验；2.	编程语言基础扎实：熟悉web编程，面向对象设计/设计模式；3.	了解使用主流框架；4.	熟悉Oracle、mysql等常用数据库，并具有一定的SQL功底；5.	了解HTML、JavaScript、XML、JSON、Ajax等Web编程语言和相关技术；6.	了解使用前端框架等，能独立开发常用组件；7.	对技术充满热情，不惧技术挑战。有强烈的自我驱动力。
本科,应届生,五险一金补充医疗保险定期体检年终奖股票期权带薪年假五险一金补充医疗保险定期体检年终奖股票期权带薪年假,5,10K,实习工程师,北京,阿里巴巴菜鸟网络招聘2020年应届毕业生，本科，硕士，博士生均可，希望有志向跟我们一起改变世界，让世界变得更好的年轻人一起加入我们吧，学校不限，211 985为宜，专业不限，计算机相关的为宜，7*24小时在线，欢迎自荐或推荐
本科,应届生,五险一金补充医疗保险定期体检年终奖股票期权带薪年假五险一金补充医疗保险定期体检年终奖股票期权带薪年假,10,11K,java高级工程师/技术专家,北京,"只限2020年应届毕业生！！！只限2020年应届毕业生！！！只限2020年应届毕业生！！！1、负责参与菜鸟末端网络相关产品的系统架构及研发；2、协助产品梳理业务需求，产出业务系统架构设计方案；3、独立完成项目的系统分析、设计，并主导完成详细设计和编码的任务，确保项目的进度和质量；4、主动关注并学习新技术，并能够在实践中应用，帮助建设团队技术氛围。1、JAVA基础扎实，熟悉io、多线程、集合等基础框架；2、熟悉Web开发，熟练使用spring等主流的开发框架；3、熟悉Linux下的常用命令，熟练使用MySQL、Oracle等常用关系型数据库，熟悉主流的key-value存储系统；4、熟悉常用设计模式，有大型分布式、高并发、高负载、高可用性系统设计开发经验；5、对业务和数据敏感，具备一定的业务建模能力，善于分析业务需求并提供有效解决方案，善于利用数据驱动产品迭代优化；6、善于思考，能独立分析和解决问题,责任心强，具备良好的团队合作精神和抗压能力，要有创业的激情和坚定的信念；7、具备数据分析、使用和总结能力，善于通过数据发现问题或机会驱动业务发展；对数据有深厚兴趣者优先；8、具备图像/视频分析、目标分类，检测和追踪预测算法经验优先；"
本科,应届生,五险一金定期体检年终奖股票期权带薪年假节日福利保险五险一金定期体检年终奖股票期权带薪年假节日福利保险,3,4K,【阿里巴巴-阿里云】核心部门实习的机会,北京,你是否遇到了：因为发挥不好导致面试不如意从而无缘阿里？草率的投递过不感兴趣的岗位后无法投递真正感兴趣的岗位？对云计算、高并发、海量数据感兴趣，但是找不到内推师兄？现在，还有一次机会进入阿里云核心部门核心岗位实习的机会！面向2019.11-2020.10毕业生简历投递截止：2019.4.23实习地址：北京、杭州如果你想要潜心专注技术，挑战千亿规模的并发量，为百万企业管理亿万云上资源创造出可能性，请加入我们。实习岗位：研发工程师Java：精通Java语言，有一定项目实践经验研发工程师C++：精通C++语言，有一定项目实践经验基础平台研发工程师：至少掌握Java、C++、JavaScript、Golang、Python、Node.js、Php、C#、中一门语言，有一定项目实践经验面试官直通邮箱：*****-inc.com投递请注明因对以下岗位感兴趣，申请协调到新BU面试实习岗位新申请部门：阿里云-开放API团队新申请岗位：基础平台研发工程师
本科,应届生,五险一金补充医疗保险带薪年假员工旅游餐补通讯补贴节日福利零食下午茶五险一金补充医疗保险带薪年假员工旅游餐补通讯补贴节日福利零食下午茶,3,4K,Java实习生,北京,技能要求：MySQL1、参与系统需求分析和概要设计。2、负责程序开发、测试、部署等。1、计算机及相关专业实习生。2、具备良好的代码书写规范。3、熟悉关系型数据库，较强的sql书写能力。4、思路清晰，善于思考，能独立分析和解决问题，具创新意。5、为人正直、责任心强、具备良好的团队合作精神和承受压力的能力。6、计算机基础知识扎实者优先。
本科,经验不限,五险一金补充医疗保险年终奖带薪年假员工旅游包吃零食下午茶健身房企业版专车橙长培训无限畅饮五险一金补充医疗保险年终奖带薪年假员工旅游包吃零食下午茶健身房企业版专车橙长培训无限畅饮,4,8K,java 实习生--2019届,北京,主要职责：1、负责公司后端业务模块开发和维护；2、负责业务需求和功能实现的沟通，完成模块设计、开发、测试、修改 bug 等工作；3、编写高质量代码，保证上线产品能稳定运行；4、编写技术文档。1、计算机或数学相关专业，统招本科2019届毕业生，英语4级以上，211、985院校优先；2、熟悉 java相关编程技术；3、了解分布式服务开发流程和规范；4、了解和使用过常用的开源框架如：SpringMVC、dubbo、spring cloud等；5、热爱编程，有较强的学习能力，有强烈的求知欲、好奇心和进取心。
硕士,应届生,五险一金定期体检年终奖股票期权带薪年假员工旅游免费班车餐补五险一金定期体检年终奖股票期权带薪年假员工旅游免费班车餐补,15,16K,java研发工程师,北京,阿里巴巴达摩院，成立于2018年，由一批杰出科学家及工程师组成，是阿里巴巴负责人工智能技术研发的核心团队、阿里巴巴NASA计划的人工智能大脑。达摩院机器智能技术实验室下属的翻译平台，承担着为阿里巴巴国际化战略提供多语言服务的重任，部门开发的系统和服务在阿里跨境业务中得到广泛应用。我们希望通过融合前沿人工智能的自然语言处理技术和平台化的翻译服务，用商业和技术的手段，快速、低成本和高质量地解决跨境交易中的沟通难题，让商业没有语言障碍。我们期待着优秀同学加入达摩院翻译团队，为这个伟大的目标携手努力。面向群体：2020届毕业生（毕业时间：2020.1.1-2020.12.31）工作地点：杭州、北京简历发到 *****会直接走内推流程，内推不需笔试直接面试Java研发工程师1. 负责翻译产品系统和项目设计、架构和研发工作；2. 负责系统技术规划和技术前瞻布局；3. 解决系统疑难问题，进行性能优化、架构演进。1. 熟悉Java、Web及相关技术，Java基础扎实，熟悉多线程、IO、servlet、JVM等原理；2. 熟悉面向对象的分析和设计技术，包括设计模式、UML建模等，对领域模型设计有非常深入理解；3. 熟悉分布式系统的设计和架构，熟悉分布式、缓存、消息、搜索、推荐等机制；能对分布式常用技术进行合理应用，解决问题；4. 对各种开源的框架如Spring、Hibernate、struts等有深入的应用，能够了解其原理和机制，阅读过源码；5. 喜欢尝试最新的技术，关注新的思维，并能从技术趋势和思路上能影响产品；6. 有翻译行业或者互联网行业经验优先。
本科,应届生,五险一金定期体检年终奖股票期权带薪年假节日福利保险五险一金定期体检年终奖股票期权带薪年假节日福利保险,15,30K,研发工程师JAVA,北京,"分布式存储,搜索引擎,其他,分布式计算,数据库,机器学习工程,网络,硬件,应用服务开发内推链接(https://alibaba.tupu360.com/campusActivity/getActivityInfo?activityCode=u5k6ATYodxa7NPjDZVRclTRhqcEocwgZpyAkY6lkLdY%3D) -> 自主选择岗位 -> 完善简历 -> 测评&在线编程（鼓励参与，方便面试官更好了解你）-> 简历评估 -> 邀约面试->发放录用意向书如果你想了解JAVA开发在阿里巴巴互联网生态系统中无与伦比的应用广度与深度； 如果你对基础技术感兴趣，你可以参与基础软件的设计、开发和维护，如分布式文件系统、缓存系统、Key/Value存储系统、数据库、Linux操作系统和Java优化等； 如果你热衷于高性能分布式技术，你可以参与高性能分布式服务端程序的系统设计，为阿里巴巴的产品提供强有力的后台支持，在海量的网络访问和数据处理中，设计并设施最强大的解决方案； 如果你喜欢研究搜索技术，你可以参与搜索引擎各个功能模块的设计和实现，构建高可靠性、高可用性、高可扩展性的体系结构，满足日趋复杂的业务需求； 如果你对电子商务产品技术感兴趣，你可以参与产品的开发和维护，完成从需求到设计、开发和上线等整个项目周期内的工作； 如果你对数据敏感，你可以参与海量数据处理和开发，通过sql、pl/sql、java进行etl程序开发，满足商业上对数据的开发需求； 如果你热衷于客户端开发，你可以参与为用户提供丰富而有价值的桌面或无线软件产品。或许，你来自计算机专业，机械专业，甚至可能是学生物的； 但是，你酷爱着计算机以及互联网技术，热衷于解决挑战性的问题，追求极致的用户体验； 或许，你痴迷于数据结构和算法，热衷于ACM，常常为看到“accept”而兴奋的手足舞蹈； 或许，你熟悉Unix/Linux/Win32环境下编程，并有相关开发经验，熟练使用调试工具，并熟悉Perl，Python，shell等脚本语言； 或许，你熟悉网络编程和多线程编程，对TCP/IP，HTTP等网络协议有很深的理解，并了解XML和HTML语言； 或许，你热衷于数据库技术，能够熟练编写SQL脚本，有MySql或Oracle应用开发经验； 或许，你并不熟悉Java编程语言，更精通C，C++，PHP，.NET等编程语言中的一种或几种，但你有良好和快速的学习能力； 有可能，你参加过大学生数学建模竞赛，“挑战杯”，机器人足球比赛等； 也有可能，你在学校的时候作为骨干参与学生网站的建设和开发； 这些，都是我们想要的。来吧，加入我们！"
本科,应届生,带薪年假地铁周边移动互联网互联网金融公司氛围好带薪年假地铁周边移动互联网互联网金融公司氛围好带薪年假地铁周边移动互联网互联网金融公司氛围好,2,3K,JAVA开发工程师,北京,"1.负责系统后台的开发，打造同时满足用户需求和性能要求的移动产品；2.构建高可靠、易扩展、高效的分布式系统，满足移动端产品持续的高并发业务请求；3.能够准确分析需求，并能把握项目进度，具备进行单元测试、集成测试和部署的能力；4.独立研发新技术，完成技术文档，保证代码质量与运行效率，具备项目代码调优、优化的能力；5.能够积极参与系统架构的优化，并能主动提出见解；6.通过java的性能剖析工具准确迅速的找到性能瓶颈，分析和处理现有系统中的bug；技术能力要求：1.精通J2EE编程技术（java、jsp等），精通SpringMVC,MyBatis,JQuery框架或其他类似开源开发框架；2.精通MySQL、Oracle等关系型数据库，有数据库基本应用能力；熟悉常用的应用服务器Tomcat、JBoss、Weblogic等;3.精通编写SQL语句，对复杂查询、分组等有深入了解，有一定的复杂报表经验；4.熟悉web界面流程设计，熟练运用HTML5、JS、CSS技术；5.熟悉Eclipse、Tomcat、JDK、SVN运行环境的配置；6.精通NOSQL数据库者优先，如：Redis、mongodb等；7.熟悉消息队列使用，熟练使用ActiveMQ、RabbitMQ、ZeroMQ、Kafka、MetaMQ、RocketMQ至少其中一种技术；8.熟悉Linux操作系统者优先；有网站开发经验优先；精通AngularJs、Node.js技术者优先；9.精通Dubbo分布式服务框架者优先；10.本科以上学历，具有Java服务端开发经验者优先。业务能力要求：1.具有车险核心系统开发经验，熟悉车险承保、理赔系统，熟悉核心业务系统与车险平台交互接口，满足此条件者优先；2.具有ILOG规则引擎开发经验者优先，BOM设计、XOM开发经验及规则引擎相关技术等。3.具有良好团队合作精神，工作积极主动，有较好的学习能力，能够承受工作压力。精英团队"
硕士,应届生,五险一金定期体检年终奖股票期权带薪年假节日福利保险五险一金定期体检年终奖股票期权带薪年假节日福利保险股票期权带薪年假不打卡年度旅游扁平管理领导nice电子商务公司氛围好,6,11K,Java实习开发工程师[2020届],北京,农村淘宝是阿里巴巴集团的战略项目，为了服务农民，创新农业，让农村生活更美好，通过千县万村计划实现“网货下乡”和“农产品进城”的双通路，加速城乡一体化，吸引更多的人才回流创业，构建现代化、智能化的“智慧农村”。农村淘宝不仅是一份事业，更是使命和大公益！我们有幸参与其中，我们也希望更多的有志于用技术改变中国农村的同学们加入我们，在这里你可以学习并参与到智能渠道拓展、渠道供应链、海量交易系统、多终端无线架构、btoC营销导购平台、智慧农业、IOT数字化门店，县域大数据等核心业务与系统的开发与建设中，给自己一次机会，造一个时代，给我们一个机会，写一段历史，欢迎大家加入！招聘信息：面向对象：2020届毕业生（毕业时间：2019年11月-2020年10月）研发工程师JAVA、前端开发工程师、测试开发工程师、客户端开发工程师(Android/iOS)春招时间：2019年3月12日~2019年4月23日
硕士,经验不限,五险一金补充医疗保险定期体检加班补助全勤奖年终奖股票期权带薪年假员工旅游免费班车餐补通讯补贴交通补助包吃节日福利住房补贴零食下午茶五险一金补充医疗保险定期体检加班补助全勤奖年终奖股票期权带薪年假员工旅游免费班车餐补通讯补贴交通补助包吃节日福利住房补贴零食下午茶股票期权带薪年假年度旅游扁平管理电子商务移动互联网公司氛围好,4,6K,2020届 - Java开发实习生,北京,"1、 参与需求评审、功能设计和服务端编码开发；2、 参与新技术预研；3、 和众多优秀的工程师一起用新技术在医疗健康领域进行创新；1、具备较强的编程基本功，熟练掌握JAVA编程语言，熟悉常用数据结构与算法；2、熟悉网络编程、多线程编程、分布式、搜索原理等；3、了解主流数据库（MySQL或Oracle），熟练使用SQL语言；4、有spring, mybatis 等开源软件使用经验优先；5、具备较强的学习能力和意愿；具备良好的沟通能力，强烈的责任心和团队合作精神；6、 热爱计算机以及互联网技术，热衷于解决挑战性的问题，追求极致的用户体验；7、 有竞赛经验（e.g. 大学生数学建模竞赛、“挑战杯”、机器人足球比赛）、项目实习经验者优先。阿里健康信息技术有限公司，是阿里巴巴集团投资控股的公司之一。凭借阿里巴巴集团在电子商务、大数据和云计算领域的优势，阿里健康以用户为核心，为医药健康行业提供全面的互联网解决方案。作为在线医药服务和医药O2O的先行者，阿里健康正在打造完整的线上线下一体的医药健康服务网络。"
硕士,应届生,五险一金定期体检年终奖股票期权带薪年假节日福利保险五险一金定期体检年终奖股票期权带薪年假节日福利保险,15,25K,【春季实习】阿里巴巴实习招聘多岗位可选,北京,阿里巴巴国际贸易事业部（ICBU）聚焦在占有全球跨境贸易体量90%以上的B2B领域，是全球领先的跨境贸易与服务平台。实习生招聘2019年11月到2020年12月期间毕业的应届生如果你想了解JAVA开发在阿里巴巴互联网生态系统中无与伦比的应用广度与深度； 如果你对基础技术感兴趣，你可以参与基础软件的设计、开发和维护，如分布式文件系统、缓存系统、Key/Value存储系统、数据库、Linux操作系统和Java优化等； 如果你热衷于高性能分布式技术，你可以参与高性能分布式服务端程序的系统设计，为阿里巴巴的产品提供强有力的后台支持，在海量的网络访问和数据处理中，设计并设施最强大的解决方案； 如果你喜欢研究搜索技术，你可以参与搜索引擎各个功能模块的设计和实现，构建高可靠性、高可用性、高可扩展性的体系结构，满足日趋复杂的业务需求； 如果你对电子商务产品技术感兴趣，你可以参与产品的开发和维护，完成从需求到设计、开发和上线等整个项目周期内的工作； 如果你对数据敏感，你可以参与海量数据处理和开发，通过sql、pl/sql、java进行etl程序开发，满足商业上对数据的开发需求； 如果你热衷于客户端开发，你可以参与为用户提供丰富而有价值的桌面或无线软件产品。或许，你来自计算机专业，机械专业，甚至可能是学生物的； 但是，你酷爱着计算机以及互联网技术，热衷于解决挑战性的问题，追求极致的用户体验； 或许，你痴迷于数据结构和算法，热衷于ACM，常常为看到“accept”而兴奋的手足舞蹈； 或许，你熟悉Unix/Linux/Win32环境下编程，并有相关开发经验，熟练使用调试工具，并熟悉Perl，Python，shell等脚本语言； 或许，你熟悉网络编程和多线程编程，对TCP/IP，HTTP等网络协议有很深的理解，并了解XML和HTML语言； 或许，你热衷于数据库技术，能够熟练编写SQL脚本，有MySql或Oracle应用开发经验； 或许，你并不熟悉Java编程语言，更精通C，C++，PHP，.NET等编程语言中的一种或几种，但你有良好和快速的学习能力； 有可能，你参加过大学生数学建模竞赛，“挑战杯”，机器人足球比赛等； 也有可能，你在学校的时候作为骨干参与学生网站的建设和开发； 这些，都是我们想要的。来吧，加入我们
本科,应届生,五险一金补充医疗保险定期体检加班补助年终奖股票期权带薪年假员工旅游免费班车餐补交通补助零食下午茶五险一金补充医疗保险定期体检加班补助年终奖股票期权带薪年假员工旅游免费班车餐补交通补助零食下午茶,6,7K,JAVA开发实习生（2020届）,北京,如果你想了解JAVA开发在阿里巴巴互联网生态系统中无与伦比的应用广度与深度； 如果你对基础技术感兴趣，你可以参与基础软件的设计、开发和维护，如分布式文件系统、缓存系统、Key/Value存储系统、数据库、Linux操作系统和Java优化等； 如果你热衷于高性能分布式技术，你可以参与高性能分布式服务端程序的系统设计，为阿里巴巴的产品提供强有力的后台支持，在海量的网络访问和数据处理中，设计并设施最强大的解决方案； 如果你喜欢研究搜索技术，你可以参与搜索引擎各个功能模块的设计和实现，构建高可靠性、高可用性、高可扩展性的体系结构，满足日趋复杂的业务需求； 如果你对电子商务产品技术感兴趣，你可以参与产品的开发和维护，完成从需求到设计、开发和上线等整个项目周期内的工作； 如果你对数据敏感，你可以参与海量数据处理和开发，通过sql、pl/sql、java进行etl程序开发，满足商业上对数据的开发需求； 如果你热衷于客户端开发，你可以参与为用户提供丰富而有价值的桌面或无线软件产品。或许，你来自计算机专业，机械专业，甚至可能是学生物的； 但是，你酷爱着计算机以及互联网技术，热衷于解决挑战性的问题，追求极致的用户体验； 或许，你痴迷于数据结构和算法，热衷于ACM，常常为看到“accept”而兴奋的手足舞蹈； 或许，你熟悉Unix/Linux/Win32环境下编程，并有相关开发经验，熟练使用调试工具，并熟悉Perl，Python，shell等脚本语言； 或许，你熟悉网络编程和多线程编程，对TCP/IP，HTTP等网络协议有很深的理解，并了解XML和HTML语言； 或许，你热衷于数据库技术，能够熟练编写SQL脚本，有MySql或Oracle应用开发经验； 或许，你并不熟悉Java编程语言，更精通C，C++，PHP，.NET等编程语言中的一种或几种，但你有良好和快速的学习能力； 有可能，你参加过大学生数学建模竞赛，“挑战杯”，机器人足球比赛等； 也有可能，你在学校的时候作为骨干参与学生网站的建设和开发； 这些，都是我们想要的。来吧，加入我们！
本科,经验不限,五险一金补充医疗保险定期体检年终奖股票期权带薪年假员工旅游免费班车餐补零食下午茶五险一金补充医疗保险定期体检年终奖股票期权带薪年假员工旅游免费班车餐补零食下午茶,5,6K,阿里云暑期实习（面向20年毕业-可转正）,北京,2019年11月-2020年10月毕业的本科或硕士已经内推过的就不要再发了，不能重复推荐。研发工程师JAVA或许，你来自计算机专业，机械专业，甚至可能是学生物的；但是，你酷爱着计算机以及互联网技术，热衷于解决挑战性的问题，追求极致的用户体验；或许，你痴迷于数据结构和算法，热衷于ACM，常常为看到“accept”而兴奋的手足舞蹈；或许，你熟悉Unix/Linux/Win32环境下编程，并有相关开发经验，熟练使用调试工具，并熟悉Perl，Python，shell等脚本语言；或许，你熟悉网络编程和多线程编程，对TCP/IP，HTTP等网络协议有很深的理解，并了解XML和HTML语言；或许，你热衷于数据库技术，能够熟练编写SQL脚本，有MySql或Oracle应用开发经验；或许，你并不熟悉Java编程语言，更精通C，C++，PHP，.NET等编程语言中的一种或几种，但你有良好和快速的学习能力；有可能，你参加过大学生数学建模竞赛，“挑战杯”，机器人足球比赛等；也有可能，你在学校的时候作为骨干参与学生网站的建设和开发；这些，都是我们想要的。来吧，加入我们！基础平台研发工程师负责云计算和大数据基础技术研发，包括不限于以下方向：1、云基础设施技术，包括研发面向百万级服务器的网络（如RDMA、可编程芯片）、服务器（如异构计算）、数据中心，以及构建超大规模的基础设施智能化运维体系（如AIOps）；2、虚拟化技术，包括XEN、KVM等开源技术的改进，以及也包括我们自研的SDN、VPC等网络虚拟化、存储虚拟化技术，还包括Docker等轻量级的容器方案；3、MySQL、PostgrelSQL、MongoDB、Redis、HBase等开源数据库内核的改进（阿里巴巴是WebScaleSQL组织的一员，并拥有多个开源项目的committer）；4、包含单集群上万个节点，多地多集群的超大规模分布式存储系统(文件系统，KVstore，BigTable等等）、分布式计算系（MapReduce，DAG，类Hive/spark的计算系统包括离线，分布式开发语言，分布式开发IDE，查询优化，流式实时计算，图计算，MPP等等）、弹性分布式资源管理和调度（海量多维度的多目标的调度系统，多个资源维度资源隔离技术等等）、机器学习平台（包括Paratemter Server，深度学习，逻辑回归等等）、异构等新型硬件上计算（包括CPU，GPU，FPGA，RDMA等等）；5、大数据在线引擎体系的目标是是集广告、搜索、推荐的投放三位于一体，在近百毫秒周期内，从服务端跨越至移动端上智能，支撑总体近TB级的模型，完成知识推理向量匹配等各种召回，以及其它深度学习的排序和预测算法，参与计算的数十亿商品保持实时更新，支持数百位算法工程师面向众多场景展开测试，在算子流图化的抽象之下，引擎内的模型和数据可随时调整布局满足迭代所需。前端开发工程师我们希望你，可以熟练使用各种Web前端技术，包括HTML(5)/CSS(3)/Javascript等，并有相关的项目开发经验或成果；我们希望你，熟悉前端工程化，用过git，gulp或webpack等工具，最好有自己的github仓库；我们希望你，有基于Ajax应用的开发经验，有NodeJS/Java开发经验，或者有移动端开发经验；我们希望你，深刻理解Web标准，对可用性、可访问性等相关知识有实际的了解；我们希望你，对算法、数据结构、建模有一定了解；我们希望你，关注新事物、新技术，有较强的学习能力，喜欢挑战，并且个性乐观开朗，逻辑性强，善于和各种背景的人合作。还等什么呢？快来加入我们，期待你的大展身手！北京或杭州，无论是实习还是正式工作，北京或杭州任你选择；如果你对我们感兴趣的话，把简历砸向我的邮箱: *****-inc.com如果有什么关于找工作和毕业问题也可以通过邮件说，一定竭尽所能。
本科,应届生,五险一金补充医疗保险定期体检年终奖股票期权带薪年假员工旅游免费班车餐补零食下午茶五险一金补充医疗保险定期体检年终奖股票期权带薪年假员工旅游免费班车餐补零食下午茶,5,6K,阿里云ECS20年毕业实习生-内推可转正,北京,2019年11月-2020年10月毕业的本科或硕士研发工程师JAVA或许，你来自计算机专业，机械专业，甚至可能是学生物的；但是，你酷爱着计算机以及互联网技术，热衷于解决挑战性的问题，追求极致的用户体验；或许，你痴迷于数据结构和算法，热衷于ACM，常常为看到“accept”而兴奋的手足舞蹈；或许，你熟悉Unix/Linux/Win32环境下编程，并有相关开发经验，熟练使用调试工具，并熟悉Perl，Python，shell等脚本语言；或许，你熟悉网络编程和多线程编程，对TCP/IP，HTTP等网络协议有很深的理解，并了解XML和HTML语言；或许，你热衷于数据库技术，能够熟练编写SQL脚本，有MySql或Oracle应用开发经验；或许，你并不熟悉Java编程语言，更精通C，C++，PHP，.NET等编程语言中的一种或几种，但你有良好和快速的学习能力；有可能，你参加过大学生数学建模竞赛，“挑战杯”，机器人足球比赛等；也有可能，你在学校的时候作为骨干参与学生网站的建设和开发；这些，都是我们想要的。来吧，加入我们！基础平台研发工程师负责云计算和大数据基础技术研发，包括不限于以下方向：1、云基础设施技术，包括研发面向百万级服务器的网络（如RDMA、可编程芯片）、服务器（如异构计算）、数据中心，以及构建超大规模的基础设施智能化运维体系（如AIOps）；2、虚拟化技术，包括XEN、KVM等开源技术的改进，以及也包括我们自研的SDN、VPC等网络虚拟化、存储虚拟化技术，还包括Docker等轻量级的容器方案；3、MySQL、PostgrelSQL、MongoDB、Redis、HBase等开源数据库内核的改进（阿里巴巴是WebScaleSQL组织的一员，并拥有多个开源项目的committer）；4、包含单集群上万个节点，多地多集群的超大规模分布式存储系统(文件系统，KVstore，BigTable等等）、分布式计算系（MapReduce，DAG，类Hive/spark的计算系统包括离线，分布式开发语言，分布式开发IDE，查询优化，流式实时计算，图计算，MPP等等）、弹性分布式资源管理和调度（海量多维度的多目标的调度系统，多个资源维度资源隔离技术等等）、机器学习平台（包括Paratemter Server，深度学习，逻辑回归等等）、异构等新型硬件上计算（包括CPU，GPU，FPGA，RDMA等等）；5、大数据在线引擎体系的目标是是集广告、搜索、推荐的投放三位于一体，在近百毫秒周期内，从服务端跨越至移动端上智能，支撑总体近TB级的模型，完成知识推理向量匹配等各种召回，以及其它深度学习的排序和预测算法，参与计算的数十亿商品保持实时更新，支持数百位算法工程师面向众多场景展开测试，在算子流图化的抽象之下，引擎内的模型和数据可随时调整布局满足迭代所需。前端开发工程师我们希望你，可以熟练使用各种Web前端技术，包括HTML(5)/CSS(3)/Javascript等，并有相关的项目开发经验或成果；我们希望你，熟悉前端工程化，用过git，gulp或webpack等工具，最好有自己的github仓库；我们希望你，有基于Ajax应用的开发经验，有NodeJS/Java开发经验，或者有移动端开发经验；我们希望你，深刻理解Web标准，对可用性、可访问性等相关知识有实际的了解；我们希望你，对算法、数据结构、建模有一定了解；我们希望你，关注新事物、新技术，有较强的学习能力，喜欢挑战，并且个性乐观开朗，逻辑性强，善于和各种背景的人合作。还等什么呢？快来加入我们，期待你的大展身手！北京或杭州，无论是实习还是正式工作，北京或杭州任你选择；如果你对我们感兴趣的话，把简历砸向我的邮箱: *****-inc.com如果有什么关于找工作和毕业问题也可以通过邮件说，一定竭尽所能。
本科,应届生,五险一金补充医疗保险定期体检年终奖股票期权带薪年假员工旅游免费班车餐补零食下午茶五险一金补充医疗保险定期体检年终奖股票期权带薪年假员工旅游免费班车餐补零食下午茶,5,6K,阿里云ECS20年毕业实习生内推可转正,北京,2019年11月-2020年10月毕业的本科或硕士研发工程师JAVA或许，你来自计算机专业，机械专业，甚至可能是学生物的；但是，你酷爱着计算机以及互联网技术，热衷于解决挑战性的问题，追求极致的用户体验；或许，你痴迷于数据结构和算法，热衷于ACM，常常为看到“accept”而兴奋的手足舞蹈；或许，你熟悉Unix/Linux/Win32环境下编程，并有相关开发经验，熟练使用调试工具，并熟悉Perl，Python，shell等脚本语言；或许，你熟悉网络编程和多线程编程，对TCP/IP，HTTP等网络协议有很深的理解，并了解XML和HTML语言；或许，你热衷于数据库技术，能够熟练编写SQL脚本，有MySql或Oracle应用开发经验；或许，你并不熟悉Java编程语言，更精通C，C++，PHP，.NET等编程语言中的一种或几种，但你有良好和快速的学习能力；有可能，你参加过大学生数学建模竞赛，“挑战杯”，机器人足球比赛等；也有可能，你在学校的时候作为骨干参与学生网站的建设和开发；这些，都是我们想要的。来吧，加入我们！基础平台研发工程师负责云计算和大数据基础技术研发，包括不限于以下方向：1、云基础设施技术，包括研发面向百万级服务器的网络（如RDMA、可编程芯片）、服务器（如异构计算）、数据中心，以及构建超大规模的基础设施智能化运维体系（如AIOps）；2、虚拟化技术，包括XEN、KVM等开源技术的改进，以及也包括我们自研的SDN、VPC等网络虚拟化、存储虚拟化技术，还包括Docker等轻量级的容器方案；3、MySQL、PostgrelSQL、MongoDB、Redis、HBase等开源数据库内核的改进（阿里巴巴是WebScaleSQL组织的一员，并拥有多个开源项目的committer）；4、包含单集群上万个节点，多地多集群的超大规模分布式存储系统(文件系统，KVstore，BigTable等等）、分布式计算系（MapReduce，DAG，类Hive/spark的计算系统包括离线，分布式开发语言，分布式开发IDE，查询优化，流式实时计算，图计算，MPP等等）、弹性分布式资源管理和调度（海量多维度的多目标的调度系统，多个资源维度资源隔离技术等等）、机器学习平台（包括Paratemter Server，深度学习，逻辑回归等等）、异构等新型硬件上计算（包括CPU，GPU，FPGA，RDMA等等）；5、大数据在线引擎体系的目标是是集广告、搜索、推荐的投放三位于一体，在近百毫秒周期内，从服务端跨越至移动端上智能，支撑总体近TB级的模型，完成知识推理向量匹配等各种召回，以及其它深度学习的排序和预测算法，参与计算的数十亿商品保持实时更新，支持数百位算法工程师面向众多场景展开测试，在算子流图化的抽象之下，引擎内的模型和数据可随时调整布局满足迭代所需。前端开发工程师我们希望你，可以熟练使用各种Web前端技术，包括HTML(5)/CSS(3)/Javascript等，并有相关的项目开发经验或成果；我们希望你，熟悉前端工程化，用过git，gulp或webpack等工具，最好有自己的github仓库；我们希望你，有基于Ajax应用的开发经验，有NodeJS/Java开发经验，或者有移动端开发经验；我们希望你，深刻理解Web标准，对可用性、可访问性等相关知识有实际的了解；我们希望你，对算法、数据结构、建模有一定了解；我们希望你，关注新事物、新技术，有较强的学习能力，喜欢挑战，并且个性乐观开朗，逻辑性强，善于和各种背景的人合作。还等什么呢？快来加入我们，期待你的大展身手！北京或杭州，无论是实习还是正式工作，北京或杭州任你选择；*****-inc.com如果有什么关于找工作和毕业问题也可以通过邮件说，一定竭尽所能。
学历不限,应届生,五险一金补充医疗保险定期体检年终奖股票期权带薪年假员工旅游免费班车餐补交通补助包吃节日福利住房补贴零食下午茶五险一金补充医疗保险定期体检年终奖股票期权带薪年假员工旅游免费班车餐补交通补助包吃节日福利住房补贴零食下午茶年终分红免费零食扁平管理地铁周边领导nice移动互联网公司氛围好,10,11K,java后台研发工程师,北京,"内推：阿里巴巴高德团队招2020毕业的本硕博啦!内推跳过简历、笔试，直接进面试！可实习，提前给2020校招占位置！户口问题微信详谈你懂的～阿里巴巴-高德地图已成为国民标配APP，""还原真实世界""是高德地图数据团队的梦想和使命。在这里，你将使用最前沿工程、数据技术，处理海量时空大数据，依靠模式创新和技术极致，在实时、精准、丰富等多角度还原真实世界，挑战各种前所未有的技术难题。在这里，你将和无数的技术大牛，工程大牛，算法大牛一同工作。我们是一支年轻团队，文化娱乐活动繁多，“快乐工作，认真生活”，你的心有多大，舞台就有多大！我们需要这样的你：1. 2020年1月1日-2020年12月31日毕业的同学们。2.  计算机工程：掌握主流编程语言和工具，对数据结构、算法、分布式原理、数据库、计算机体系结构、操作系统基本原理等计算机基础学科掌握扎实；最好具有一定实战经验。3.  计算机算法：图像识别，三维重建，人工智能，NLP算法背景。4. 热衷于创新，热衷于对新技术的了解和学习，具备技术热情；具备良好的沟通能力和团队协作能力；具备使命感，自我要求较高，能够承担一定的工作压力。5. 以上都没有也没关系，我们更看重你的热情和潜力。6. 工作地点：北京阿里巴巴-高德地图已成为国民标配APP，在这里，你将使用最前沿工程、数据技术，处理海量时空大数据，挑战各种前所未有的技术难题。在这里，你将和无数的技术大牛，工程大牛，算法大牛一同工作。我们是一支年轻团队，文化娱乐活动繁多，“快乐工作，认真生活”，你的心有多大，舞台就有多大！"
本科,应届生,五险一金定期体检年终奖股票期权带薪年假零食下午茶五险一金定期体检年终奖股票期权带薪年假零食下午茶,5,10K,Java研发实习生,北京,1、能够协助高级工程师完成系统模块的设计、编码、单元测试工作；2、能够独立完成产品对外的技术支持工作。1、统招本科及以上学历，计算机相关专业；2、团队合作精神好，责任心强、压力承受与适应能力强、新业务和新知识学习速度快，沟通能力佳；3、掌握Struts、Spring、Hibernate框架，并熟悉内部工作原理；4、熟悉Oracle/Mysql/Sybase数据库任意一种；5、熟练运用Tomcat中间件，修改过中间件具体的参数；6、熟悉对J2EE主流设计模式；7、有实际项目经验优先
硕士,应届生,五险一金补充医疗保险定期体检年终奖股票期权带薪年假员工旅游餐补包吃节日福利住房补贴五险一金补充医疗保险定期体检年终奖股票期权带薪年假员工旅游餐补包吃节日福利住房补贴,15,20K,Java开发工程师/实习工程师,北京,1)在阿里集团核心部门工作，实施国际化技术及业务战略。2)深入理解业务，核心开发工作；3)对业务需求进行抽象，建设实施国际化产品、国际化业务平台，通过技术助力业务；1)有阅读过1个或1个以上开源框架源码并了解其运作原理；2)具有扎实的Java编程基础，理解IO、多线程等基础框架，对JVM的原理有一定的了解；3)有性能优化经历优先；4)具备海外留学经历、英语6级+的优先；
本科,经验不限,,2,4K,Java实习生,北京,负责跨境支付产品第三方商户的接入和技术支持- 解决线上交易出现的咨询及问题- 新商户系统集成、对接要求- 计算机或相关专业优先- 熟悉Linux/Unix操作系统基本命令- 熟悉Java/SQL- 对PHP有一定了解更佳- 有较强的沟通能力和业务理解能力优先- 有较强的学习能力优先
本科,经验不限,五险一金年终奖带薪年假员工旅游节日福利零食下午茶五险一金年终奖带薪年假员工旅游节日福利零食下午茶公司氛围好带薪年假年度旅游免费零食美女如云扁平管理地铁周边领导nice,4,5K,Java实习生,北京,负责系统代码的开发；负责与产品、业务部门的沟通；负责相关文档的编写；参与技术方案和系统设计评审；热爱技术，对代码质量有很高的要求；计算机专业；精通Java、JSP、Java Script；精通Java的SSH等系列结构体系，Struts2+Spring2+hibernate3；精通ExtJS技术、jQuery技术；熟悉数据库，了解Sql；熟悉工作流、SOA等技术；有较强学习提高能力，能不断接受新技术；生物医药行业信息化冉冉升起的新星，和全球大牛并肩工作的机会
本科,应届生,,4,5K,java实习生-可转正,北京,1、作为助理/初级工程师参与公司软件项目开发。2、优秀实习生可在毕业后直接转正为正式员工。1、统招本科以上学历，计算机、通信、数学、物理等理工科专业，学习成绩优秀。2、已学完大学课程，有充足的实习时间，愿意长期在北京发展。聪敏好学，对软件开发有浓厚的兴趣，并立志成为优秀的软件工程师。3、自信执着、追求完美，乐观积极，有契约精神，无不良嗜好。系统学习过Java语言相关的软件开发技术，基础理论扎实，有项目的实践经验。4、掌握Java Web的前后端开发技术，如：Servlet、JSP、Spring MVC/Boot、MyBatis、SQL、HTTP、HTML、CSS、JavaScript、AngularJS/Vue等。
学历不限,应届生,五险一金补充医疗保险定期体检年终奖股票期权带薪年假员工旅游免费班车餐补交通补助包吃节日福利住房补贴零食下午茶五险一金补充医疗保险定期体检年终奖股票期权带薪年假员工旅游免费班车餐补交通补助包吃节日福利住房补贴零食下午茶年终分红免费零食扁平管理地铁周边领导nice移动互联网公司氛围好,10,11K,java后台研发实习生,北京,"内推：阿里巴巴高德团队招2020毕业的本硕博啦!内推跳过简历筛选、笔试直接进面试！可实习，提前给2020校招占位置！户口问题微信详谈你懂的～阿里巴巴-高德地图已成为国民标配APP，""还原真实世界""是高德地图数据团队的梦想和使命。在这里，你将使用最前沿工程、数据技术，处理海量时空大数据，依靠模式创新和技术极致，在实时、精准、丰富等多角度还原真实世界，挑战各种前所未有的技术难题。在这里，你将和无数的技术大牛，工程大牛，算法大牛一同工作。我们是一支年轻团队，文化娱乐活动繁多，“快乐工作，认真生活”，你的心有多大，舞台就有多大！我们需要这样的你：1. 2020年1月1日-2020年12月31日毕业的同学们。2.  计算机工程：掌握主流编程语言和工具，对数据结构、算法、分布式原理、数据库、计算机体系结构、操作系统基本原理等计算机基础学科掌握扎实；最好具有一定实战经验。3.  计算机算法：图像识别，三维重建，人工智能，NLP算法背景。4. 热衷于创新，热衷于对新技术的了解和学习，具备技术热情；具备良好的沟通能力和团队协作能力；具备使命感，自我要求较高，能够承担一定的工作压力。5. 以上都没有也没关系，我们更看重你的热情和潜力。6. 工作地点：北京阿里巴巴-高德地图已成为国民标配APP，在这里，你将使用最前沿工程、数据技术，处理海量时空大数据，挑战各种前所未有的技术难题。在这里，你将和无数的技术大牛，工程大牛，算法大牛一同工作。我们是一支年轻团队，文化娱乐活动繁多，“快乐工作，认真生活”，你的心有多大，舞台就有多大！"
本科,应届生,五险一金定期体检带薪年假免费班车餐补节日福利零食下午茶五险一金定期体检带薪年假免费班车餐补节日福利零食下午茶,4,6K,2019 java开发实习生,北京,1. 负责企业搜索产品JAVA后台系统的设计与开发；2. 配合相关后台系统完成产品的功能与设计；3. 配合产品人员完成需求沟通并把握功能实现；4. 参与完成相关JAVA新技术的调研。1、计算机及相关专业本科及以上学历2、熟悉java语言，熟练掌握多线程编程，掌握java流行的开源框架SpringMVC/Spring Boot/Spring Cloud3、了解前端编程知识html、css、js，熟练掌握前端框架如jquery、bootstrap更佳；4、熟悉常用的关系型数据库Mysql，有SQL调优和数据库结构设计的经验，熟悉nosql数据库mongodb、redis等；5、熟悉面向对象理论和常用数据结构和算法、了解常用设计模式；6、熟悉HTTP协议，TCP/IP协议，了解linux常用的命令；7、对lucene、solr能熟练运用的优先考虑
本科,应届生,五险一金定期体检带薪年假免费班车餐补节日福利零食下午茶五险一金定期体检带薪年假免费班车餐补节日福利零食下午茶,3,5K,2019Java实习生,北京,1. 负责企业搜索产品JAVA后台系统的设计与开发；2. 配合相关后台系统完成产品的功能与设计；3. 配合产品人员完成需求沟通并把握功能实现；4. 参与完成相关JAVA新技术的调研。1、计算机及相关专业本科及以上学历2、熟悉java语言，熟练掌握多线程编程，掌握java流行的开源框架SpringMVC/Spring Boot/Spring Cloud3、了解前端编程知识html、css、js，熟练掌握前端框架如jquery、bootstrap更佳；4、熟悉常用的关系型数据库Mysql，有SQL调优和数据库结构设计的经验，熟悉nosql数据库mongodb、redis等；5、熟悉面向对象理论和常用数据结构和算法、了解常用设计模式；6、熟悉HTTP协议，TCP/IP协议，了解linux常用的命令；7、对lucene、solr能熟练运用的优先考虑
本科,经验不限,五险一金定期体检带薪年假免费班车餐补节日福利零食下午茶五险一金定期体检带薪年假免费班车餐补节日福利零食下午茶,3,4K,JAVA开发实习生,北京,百度企业智能平台部招Java实习生1. 负责企业搜索产品JAVA后台系统的设计与开发；2. 配合相关后台系统完成产品的功能与设计；3. 配合产品人员完成需求沟通并把握功能实现；4. 参与完成相关JAVA新技术的调研。1、计算机及相关专业本科及以上学历2、熟悉java语言，熟练掌握多线程编程，掌握java流行的开源框架SpringMVC/Spring Boot/Spring Cloud3、了解前端编程知识html、css、js，熟练掌握前端框架如jquery、bootstrap更佳；4、熟悉常用的关系型数据库Mysql，有SQL调优和数据库结构设计的经验，熟悉nosql数据库mongodb、redis等；5、熟悉面向对象理论和常用数据结构和算法、了解常用设计模式；6、熟悉HTTP协议，TCP/IP协议，了解linux常用的命令；7、对lucene、solr能熟练运用的优先考虑
本科,1年以内,移动互联网不打卡移动互联网不打卡移动互联网不打卡,3,6K,Java,北京,"我司主要经营BI大数据方向的软件技术研发和数据可视化云开发平台，现招募Java方向的软件开发工程师。1.全日制统招本科以上学历2.java技术基础扎实，熟练使用spring hibernate等基础框架3.了解使用linux,redis,nginx,resin等4.熟练使用mysql oracle sqlserver等至少一种数据库5.熟悉前端jquery bootstrap vue 等框架6.积极上进的工作心态和学习能力工作职责1.参与项目的详细设计2.积极完成项目开发任务3.及时反馈项目进度，碰到问题积极参与解决公司老板就是程序员，以技术为导向，打磨自有核心产品"
本科,经验不限,五险一金补充医疗保险定期体检年终奖带薪年假餐补通讯补贴交通补助节日福利五险一金补充医疗保险定期体检年终奖带薪年假餐补通讯补贴交通补助节日福利,2,4K,后端开发实习生,北京,"工作职责1、参与数据产品的研发工作；2、参与BI产品的可视化研发工作1 、计算机、软件相关专业；2、掌握 Java/Python等语言，能够独立完成一般的数据处理或 web开发；3 、熟悉常见的 Java/Python 框架，包括但不限于 Spring, Mybatis, Apache commons, Flask, Django 等；4 、对 HTTP 、 TCP 等协议有一定的了解；5 、熟练使用 git 、 intellij idea、pycharm或 vscode等开发工具；6 、熟悉常用的 Linux 命令, 能够写一般的shell脚本；加分项：1 、了解 Hadoop, Elasticsearch, Mysql, Mongodb, Spark 相关知识；2 、有一定的数据库基础，熟练编写 SQL 语句及优化；3 、掌握服务器相关服务的配置及二次开发，如 Nginx, Tomcat, Jetty 等；"
本科,应届生,,3,6K,Java,北京,录属于研发部门，承担丢课网JavaWeb方面开发工作，负责公司平台产品的开发面向2018、2019年毕业生，有工作经验优先；有转正机会，薪资可谈。技能要求1.有过Java Web应用开发经验；熟悉Java EE技术，包括Servlet/JSP、JDBC、JMS、Web Service等，对各种开源的软件如Spring、Struts、hibernate/ibatis、Tomcat等有了解。；2.熟悉oracle、mysql等常用数据库，并具有一定的SQL功底可进行相应的优化；3.可使用前端技术 HTML、CSS、JavaScript、JQuery、Bootstrap、ECharts等前端技术； 使用过主流前端框架 如React、VUE等，有Ant Design等实战项目经验者优先考虑;4.熟悉Linux的基本操作，熟悉IO、多线程及并发技术5.能深入了解产品需求，有抽象设计能力，能快速融入丢课网团队。
本科,应届生,五险一金定期体检年终奖带薪年假餐补交通补助五险一金定期体检年终奖带薪年假餐补交通补助,2,3K,java研发实习生,北京,java端研发实习生1、相关产品的服务器端开发。2、根据日常开发需求编写相应文档，编写技术方案。3、产品的相关测试工作。1、精通java编程，熟悉java常用的设计模式。2、熟练掌握mysql数据库，有一定的数据库优化能力，能够熟练编写高性能sql语句。3、熟悉常用网络协议，如TCP/IP，HTTP。4、有一定的多线程编程经验。5、熟练掌握日常框架的开发技巧，如spring，springMVC以及hibernate等。6、能够熟练使用jQuery、js等前端UI技术。7、具有良好的团队合作能力，有责任心以及良好的沟通交流能力。8、每周至少4天，至少6个月
本科,经验不限,五险一金定期体检年终奖带薪年假餐补交通补助五险一金定期体检年终奖带薪年假餐补交通补助,2,3K,中国科学院计算技术研究所Java研发实习生,北京,1、相关产品的服务器端开发。2、根据日常开发需求编写相应文档，编写技术方案。3、产品的相关测试工作。1、精通java编程，熟悉java常用的设计模式。2、熟练掌握mysql数据库，有一定的数据库优化能力，能够熟练编写高性能sql语句。3、熟悉常用网络协议，如TCP/IP，HTTP。4、有一定的多线程编程经验。5、熟练掌握日常框架的开发技巧，如spring，springMVC以及hibernate等。6、能够熟练使用jQuery、js等前端UI技术。7、具有良好的团队合作能力，有责任心以及良好的沟通交流能力。8、每周至少4天，至少6个月。
本科,应届生,公司氛围好地铁周边公司氛围好地铁周边公司氛围好地铁周边,3,4K,java开发实习生,北京,负责完成公司领导安排的日常。技术要求：1、熟悉mysql。能够进行简单基本的操作。2、熟悉html、javascript。能够看懂前端代码，能查找问题、定位问题。3、熟悉SSM框架。能够进行基本操作，能查找问题、定为问题。4、对java基本概念和基本技能有一定的理解和能力。持续改善和优化公司在网络安全领域的研究，优化产品开发流程、服务流程和管理流程，坚持推行现有的公司管理文化，鼓励各个岗位在各个领域的创新，提倡多方位的职业路径和人才发展规划。
本科,应届生,五险一金补充医疗保险定期体检年终奖带薪年假员工旅游免费班车餐补交通补助包吃节日福利五险一金补充医疗保险定期体检年终奖带薪年假员工旅游免费班车餐补交通补助包吃节日福利,3,5K,19秋招-服务端开发,北京,1. 手机助手业务后台开发；2. 内部运维工具和系统开发；1. 熟悉linux环境，了解web服务开发和数据库相关知识；2. 熟练使用至少两种编程语言（c，java，c++，php，python，javascript，或其他语言）；3. 熟悉面向对象设计，了解常用设计模式，有大型项目开发经验；4. 对编程有热情，代码规范，了解一些新的开源技术和工具；5.19届毕业生
本科,经验不限,五险一金补充医疗保险定期体检年终奖带薪年假餐补通讯补贴交通补助包吃节日福利零食下午茶五险一金补充医疗保险定期体检年终奖带薪年假餐补通讯补贴交通补助包吃节日福利零食下午茶公司氛围好五险一金员工旅游节日福利,4,5K,Java实习生,北京,1、熟悉java/.net/python等任意一种开发语言，了解设计模式/设计原则，熟悉面向对象的分析设计和工具。2、熟悉掌握SQL语言，能够熟练进行数据库设计，有Oracle、MySQL、SQL Server等相关数据库项目开发经验。3、熟悉HTML、XML、JSON、JavaScript、AJAX等相关WEB技术。4、计算机科学或相关专业领域的本科及以上学历；5、具备良好的代码编程习惯，具备良好的沟通和口头及书面表达能力；良好的学习能力及较强的团队精神；6、英语能力突出。1、如果你热爱编程，热爱学习最酷的技术。2、如果你的目标是极客工程师，喜欢工程师文化，喜欢自组织，扁平化管理的工作氛围。3、如果你喜欢接受挑战，喜欢攻克一个个难题后带来的成就感。4、追求做一个编码艺术家，而不是一个码农。那么，我们需要的就是你！！！我们的工作是传统CRM行业向互联网转型，旨在一起影响CRM行业。拥抱开源，崇尚敏捷实践。
本科,经验不限,领导nice领导好地铁周边带薪年假公司氛围好扁平管理领导nice领导好地铁周边带薪年假公司氛围好扁平管理领导nice领导好地铁周边带薪年假公司氛围好扁平管理,2,3K,应用工程师实习生,北京,"工作职责：You will join a large project directly linked to the connected home appliance for the Chinese domestic market.The Chinese Hub is part of global projects, you will be very closely with internal/external project members in France, Germany, Austrian and China.你讲加入一个目前中国国内的智能家电大型项目。中国中心是全球项目的一部分，你将与法国、德国、奥地利以及中国的内部/外部项目成员密切合作。General background and skills required: Java, Machine to Machine, internet of things, mobile and smartphone application (Android, IOS)Technical skills required: development (JAVAEE, Shell, SQL), software (JBoss/Tomcat/Apache), OS (Unix/Linux), Database (MySQL)Technical skills (optional) : development (AKKA/Scala), Database (MongoDB) , Security (TLS, certificate management)Language: fluent in English (CET-6), Chinese Mandarin期待超能力的你～～～"
本科,经验不限,领导nice领导好地铁周边带薪年假公司氛围好扁平管理领导nice领导好地铁周边带薪年假公司氛围好扁平管理领导nice领导好地铁周边带薪年假公司氛围好扁平管理,2,3K,java实习生,北京,JAVA 实习工程师若干主要从事银行信用卡系统及互联网支付相关的开发工作本科以上学历，计算机科学与技术、软件工程、电子信息技术、通信等专业优先具有良好的学习能力和沟通能力，具有团队合作精神。工作地点在北京市朝阳区望京中环南路7号，地铁望京南/阜通。期待超能力的你～～～
本科,经验不限,五险一金补充医疗保险定期体检年终奖带薪年假员工旅游免费班车餐补交通补助包吃节日福利五险一金补充医疗保险定期体检年终奖带薪年假员工旅游免费班车餐补交通补助包吃节日福利,4,5K,大数据计算平台研发工程师,北京,1. 参与下一代分布式计算引擎(实时、非实时混合)的设计和开发2. 负责Flink框架的DFX能力构建以及性能优化3. 负责Flink开源社区的支撑
本科,应届生,五险一金补充医疗保险定期体检五险一金补充医疗保险定期体检股票期权带薪年假免费零食扁平管理地铁周边移动互联网公司氛围好不打卡,4,7K,java实习生,北京,1. 计算机相关专业，本科及以上学历。2. 基本功扎实，对数据结构，操作系统，计算机网络熟悉者优先；3. 工作积极，能良好沟通；4. 可以保证至少实习6个月时间，并确保每周出勤至少4天；5. 有后端研发项目经历者优先，至少熟悉c/c++，java，pyhton，golang中一门语言；6. 各类竞赛获奖经历者优先；工程生产力&amp;质量部&amp;新业务四部
硕士,应届生,,2,3K,开发实习生,北京,熟悉J2EE体系架构，熟悉Spring、Hibernate、MyBatis等主流开发框架；MySQL等的应用系统的数据库设计、熟练掌握SQL能承受压力，个性成熟稳重，具备良好的沟通协调能力，工作积极主动认真负责，富于团队精神，具有良好的自学能力2020年应届硕士毕业生，实习时间超过5个月
本科,经验不限,五险一金定期体检带薪年假免费班车餐补节日福利零食下午茶五险一金定期体检带薪年假免费班车餐补节日福利零食下午茶,3,6K,java实习生,北京,"1、维护技术平台与框架的代码与文档2、复杂的技术性棘手问题的分析与解决，输出解决方案3、辅助完成核心、复杂业务版本的架构与设计4、洞察技术前沿，引入高价值技术流入公司1、JAVA基础扎实，拥有良好的编码习惯,编写文档能力2、责任心强，良好的沟通和学习能力3、团队合作精神，能独立承担工作4、学习能力强19年20年毕业生优先"
本科,应届生,五险一金定期体检带薪年假免费班车餐补节日福利零食下午茶五险一金定期体检带薪年假免费班车餐补节日福利零食下午茶不打卡扁平管理领导nice公司氛围好年终分红,4,5K,java开发实习生,北京,"注意： 请仔细看好要求，不符合要求者，请勿，请勿沟通或投简历，谢谢！如符合要求且有意向，请直接发简历 wlt2016#qq.com（请把 # 改为 @） ，同时欢迎转发推荐！（1）技术要求：1、熟悉Java，熟悉java开发环境，了解软件开发流程、规范 ；2、具备6个月以上的Java Web开发经验；3、了解javascript,jQuery的使用；4、了解SpringMVC，Hibernate开发框架；5、具备一定的数据库基础，了解MySql, Oracle；6、具有较强的学习能力和编码能力；7、态度端正，踏实肯干，富有责任心；（2）任职要求：1、目前在京，至少保证一周实习4天2、到岗时间在一个月内，实习时长6个月以上3、211，985计算机专业优先注意项：1、会有笔试，代码经验薄弱者，请勿投递。2、工作地点，百度科技园。3、注意:必须，必须是【2020】毕业的 【本科生】或【研究生]注意： 请仔细看好要求，不符合要求者，请勿，请勿沟通或投简历，谢谢！团队很nice"
本科,3-5年,五险一金补充医疗保险定期体检年终奖股票期权带薪年假免费班车交通补助节日福利零食下午茶五险一金补充医疗保险定期体检年终奖股票期权带薪年假免费班车交通补助节日福利零食下午茶,20,40K,Java,北京,"负责统一监控系统1.具备良好的沟通能力2.性格开朗，执行力强3.能够承担把控单独项目的开发技能要求3. 熟悉分布式后端服务开发流程和规范4. 熟练掌握Spring MVC或者Spring Boot等框架，Mybatis等框架，熟悉Dubbo, SpringBoot等开发框架；5. 精通Java多线程开发和线程池使用，熟练掌握分布式，缓存，消息队列MQ，搜索等技术体系；6. 掌握Redis，Elasticsearch等NoSQL技术，精通MySQL的开发设计和调优；7. 熟悉Linux环境，熟悉web容器性能调优，能独立部署，定位跟踪日志；8. 具有良好的数据意识，具备数据分析经验者优先9. 对技术有激情，喜欢钻研，主动性高，具有较强的独立工作能力和解决问题的能力;"
本科,应届生,五险一金补充医疗保险定期体检年终奖股票期权带薪年假五险一金补充医疗保险定期体检年终奖股票期权带薪年假,6,7K,菜鸟网络Java/C++研发暑期实习生,北京,菜鸟网络是阿里旗下负责物流的集团，与阿里电商、支付宝并列为阿里集团铁三角之一。仓储技术部作为菜鸟网络的业务核心部门，拳头产品，承载着全国24小时，全球72小时的伟大愿景。拥有企业级的复杂度，互联网的高并发，金融级的安全性挑战，每天订单百万级别，双11承载着千万级订单！菜鸟网络正处在告诉发展时期，在这里，可以有更多的锻炼机会，更大的上升空间。此外，区别于集团、蚂蚁金服，优秀的学生除了有等同集团的薪资，应届生也会有期权激励。2018年菜鸟校招实习生已经启动，请同学们互相转发，奔走相告，加入菜鸟，一起圆梦～～----------------我是分隔线------------------实习地点： 杭州、北京投递时间：2018.2.9~2018.4.14工作内容：前端开发、Java/C++后端开发、测试、数据分析、算法等各岗位均可以内推简历和邮件标题命名格式：真名 + 岗位 + 学校问题咨询：QQ群103429224（欢迎进群讨论内推相关问题）
本科,应届生,五险一金补充医疗保险定期体检年终奖股票期权带薪年假员工旅游餐补包吃节日福利公积金高五险一金补充医疗保险定期体检年终奖股票期权带薪年假员工旅游餐补包吃节日福利公积金高,5,10K,JAVA实习生,北京,"工作职责：负责个性化推荐系统的算法和架构研发, 支持海量数据和请求, 实现在相关产品中的精准推荐.2年以上Java开发经验，学习能力突出；扎实的计算机基础理论、数据结构和算法功底，优秀的编程能力；精通Java，Scala，熟悉Linux下操作；熟悉hadoop生态系统常见项目的使用（hdfs、hive、hbase、spark等），具有spark开发经验，有实际大数据项目优先；有机器学习，自然语言处理、知识图谱等经验者优先；计算机及相关专业本科生以上，实习三个月以上，每周工作四天及以上;"
本科,经验不限,,3,5K,海淀后端开发实习生,北京,工作职责：1、负责web 产品的后端开发工作；2、与产品设计师、前端工程师一起探讨、设计、实现web 产品的新功能及改进；3、与基础架构工程师、运维工程师一起实现稳定、可扩展的后台服务；4、数据驱动，不断通过产品和技术数据进行改进，并完成快速迭代工作要求：1、对计算机相关基础知识有较好理解，了解常用数据结构和算法；2、熟练掌握Java作为后端语言的使用，了解JavaScript语言；3、熟悉常用 web 后端开发相关技术，掌握Servlet，SSM（Spring，SpringMVC，Mybatis），Struts2，Maven，SVN等主流互联网开发框架及项目管理工具；4、具备使用SQL Server、Mysql、Oracle等数据库之一的能力，能完成后端与数据库的读写交互；5、良好的编码风格及测试习惯；6、良好的沟通能力，有团队合作精神和责任感，有很强的学习能力，有主动性和上进心；7.、有创业意愿，愿意与公司共同成长者优先。8、 实习时间至少4个月，每周至少4个工作日；能长期实习者，尽早入职者优先。
本科,应届生,不打卡领导nice地铁周边移动互联网公司氛围好免费零食扁平管理住房补贴不打卡领导nice地铁周边移动互联网公司氛围好免费零食扁平管理住房补贴不打卡领导nice地铁周边移动互联网公司氛围好免费零食扁平管理住房补贴,3,5K,后端工程师 （实习）,北京,[要求]1.熟练掌握Java/Ruby/Python/JavaScript/C#/C++等任意一种语言。2.至少使用过一种后端MVC框架。3.有相对完整的个人作品。4.985、211院校计算机或相关专业。[加分]1.对Spring、Docker、微服务、Restful有所了解。2.对单元测试、重构、敏捷开发、持续集成感兴趣或有所了解。3.有自己的技术博客或笔记。4.Github上有作品，或者给开源项目提交过代码。工作地点位于地铁6号线常营，出地铁即到，交通十分方便，附近的房子也是便宜又舒服。如果你可以保证三个月以上、每周4-5天的工作时间，赶快把简历发送至*****，实习优秀者可转正。两年以来，黄油相机陆续发布了iOS、Android、Windows 10版本，进行了近百次的产品迭代，获得了包括App Store年度精选、豌豆荚设计奖、小米金米奖等奖项，更重要的是，获得了千万用户的喜爱。与之相对应的，黄油相机一直维持着一个相对较小的技术团队。iOS、Android、Windows 10三大平台，10个人的技术团队，上百台服务器，服务着千万用户，数亿张图片，数十亿次的服务请求。工程师福利- 我们对技术持开放、勇于尝试的态度。我们相信采用合适的新技术更能够带来生产力上的提升。- 我们鼓励工程师尝试不同的领域，无论Java、PHP还是Ruby，无论后端、前端还是iOS、Android。如果你愿意，有机会真正参与需求、设计、开发、测试、上线、维护、运营的完整周期，和优秀的设计师以及产品运营的同事一起打造好的产品。- 我们鼓励工程师通过读书＋实践的方式提升自我，公司为大家提供图书采购经费和图书架，并鼓励大家进行技术分享。- 如果你去查看「黄油相机」在App Store上的评价，会发现我们有一群真正热爱黄油相机的用户，你的工作将会直接影响到百万用户的体验。我们的技术栈：- Java/PHP/Ruby- MicroService/Docker/Restful- Rails/React Native/JQuery- ElasticSearch/Redis/RabbitMQ/MongoDB/MySQL/Postgresql- Jenkins/CI/Git/Github/阿里云/七牛云存储/Amazon AWS/Trello其他的福利：•相对宽松的工作时间，不强制打卡。•舒适的工作环境，无限零食，无限饮料，中午管饭。•Xbox/PS 4/Wii U。
本科,应届生,,4,5K,Java实习生,北京,1.参与项目需求的调研和需求分析工作2.编写系统概要设计文档3.负责相应模块设计，开发，维护工作4.通过公司集中培训成为优秀开发工程师储备人才5.计算机相关专业本科及以上在读生6.了解spring相关知识，了解MySQL、MariaDB、Redis等相关数据库运行模式
本科,应届生,带薪年假年度旅游地铁周边扁平管理领导nice移动互联网带薪年假年度旅游地铁周边扁平管理领导nice移动互联网带薪年假年度旅游地铁周边扁平管理领导nice移动互联网,3,4K,游戏开发工程师,北京,1、学习项目的编程语言及通信协议格式。2、通过代码使用数据库。3、使用客户端引擎进行API控制。4、使用UI编辑器制作对应系统功能的界面。5、配合服务器端开发工程师完成系统开发工作。1.计算机相关专业本科以上；2.熟悉至少一门面向对象编程语言（C++/Java/C#)，熟悉数据结构与算法，熟悉oop，熟悉至少一种关系型数据库(mysql/sqlserver等)；3.了解linux优先，进行过socket编程实践者优先；6、有游戏相关培训经历优先；4、 极强的抗压能力；5、有责任心、有较强的学习能力、团队精神以及沟通能力。
本科,经验不限,五险一金补充医疗保险定期体检年终奖股票期权带薪年假员工旅游餐补通讯补贴交通补助节日福利五险一金补充医疗保险定期体检年终奖股票期权带薪年假员工旅游餐补通讯补贴交通补助节日福利带薪年假年度旅游免费零食年终分红领导nice地铁周边移动互联网公司氛围好,4,7K,java开发实习生,北京,1、JAVA基础扎实：精通多线程编程，掌握常用的设计模式；熟悉JVM，了解内存模型及性能优化2、精通Spring、MyBatis等主流开源框架和技术3、熟悉ElasticSearch，熟悉企业搜索引擎框架，如Solr4、熟悉redis缓存技术应用与集群管理有一定安全意识并了解常见的安全问题解决方案5、技术视野开阔，学习能力好，对业界新技术敏感，喜欢钻研，具有良好的学习能力并注重团队合作工作职责：1、后端代码开发，性能调优以及协助技术架构优化工作2、要求2018年9月升大四的实习童鞋
本科,1年以内,五险一金加班补助年终奖带薪年假节日福利零食下午茶五险一金加班补助年终奖带薪年假节日福利零食下午茶股票期权带薪年假免费零食不打卡互联网金融移动互联网,3,5K,Java实习生,北京,配合后端工程师处理业务和技术问题资深从业者，薪资高，氛围好
本科,应届生,五险一金补充医疗保险年终奖带薪年假员工旅游包吃零食下午茶健身房企业版专车橙长培训无限畅饮五险一金补充医疗保险年终奖带薪年假员工旅游包吃零食下午茶健身房企业版专车橙长培训无限畅饮地铁周边美女如云不打卡,20,40K,Java实习生,北京,java实习生永远相信年轻人！iCourt招聘2019年毕业的实习生。福利待遇：配备mac pro有五星级大厨【管中午晚上两顿饭】加班打车可报销要求：1.计算机专业2.java基础知识扎实3.有实际项目经验薪资面议。公司目前实行六天弹性工作制，如不能接受请勿投递。法律科技独角兽！欢迎优秀的你！
大专,1年以内,,6,7K,软件开发实习生,北京,老系统开发支出维护。新系统跟着开发组做
学历不限,经验不限,五险一金定期体检年终奖股票期权带薪年假节日福利保险五险一金定期体检年终奖股票期权带薪年假节日福利保险,20,40K,Java高级研发工程师,北京,1. JAVA基础扎实，熟悉io、多线程、集合等基础框架；2. 三年以上JAVA web开发经验，熟悉主流的java开源框架，并且对其核心思想、实现原理有一定认知；3. 熟悉JAVA EE规范，熟悉常用的设计模式；4. 熟悉至少一种较为常见的主流数据库及SQL语言、熟悉Linux操作系统、常用版本管理软件操作（如SVN、CVS等）；5. 对技术有强烈的兴趣，喜欢钻研，有良好沟通能力和学习能力；
本科,1年以内,五险一金定期体检带薪年假免费班车餐补节日福利零食下午茶五险一金定期体检带薪年假免费班车餐补节日福利零食下午茶领导nice下午茶健身房班车移动互联网带薪年假免费三餐免费零食,3,6K,Java实习生,北京,"工作职责：-参与百度金融平台相关产品开发和运维工作；-参与百度金融平台界面相关的开发工作；-计算机相关专业，本科及以上学历-能熟练地应用以下一门或几门技术进行软件开发1)Java; Linux/Unix Shell编程2)Python/PHP; 网络技术及相应的开发3)HTML/XHTML、CSS等网页制作技术，熟悉页面架构和布局4)JavaScript、Ajax等Web开发技术,熟练运用至少一款主流的JS框架5)熟悉W3C标准，对表现与数据分离、Web语义化等有较为深刻的理解-热爱互联网，对互联网相关业务或技术充满好奇及热情-快速的产品及业务学习能力，敏捷而周到的逻辑思维能力-有责任心，敢于担当，工作积极主动-具备良好的团队合作精神，能融入多功能团队并与其他部门同事进行良好的沟通及合作感兴趣的职位请直接发简历至邮箱 *****谢谢"
