,name,place,education,highSalary,lowSalary,expe,salary
0,ORACLE数据库工程师,北京,2,12,18K,4,15
1,大数据架构师,北京,2,25,50K,7.5,37.5
2,数据科学家,北京,3,35,50K,4,42.5
3,中级数据库工程师,北京,2,12,20K,4,16
4,数据库产品研发总监,北京,2,50,80K,4,65
5,数据库工程师(SQL Server),北京,1,8,12K,2,10
6,数据分析师,北京,2,15,22K,4,18.5
7,高级数据库工程师,北京,2,20,35K,4,27.5
8,数据科学家,北京,2,35,65K,10,50
9,初级数据库工程师,北京,2,6,8K,2,7
10,数据专员,北京,2,4,6K,0,5
11,产品经理 (数据方向）,北京,2,20,30K,4,25
13,大数据架构师,北京,2,40,60K,10,50
14,数据治理专家,北京,2,30,60K,7.5,45
15,数据开发,北京,2,22,30K,2,26
16,数据分析师,北京,3,10,20K,2,15
17,项目管理（数据/信息方向）,北京,2,12,18K,2,15
18,数据分析（实习）,北京,2,2,3K,2,2.5
19,大数据架构师,北京,2,35,60K,7.5,47.5
20,大数据开发工程师,北京,2,20,40K,7.5,30
21,数据分析师（指标方向）,北京,2,8,12K,4,10
22,大数据分析师,北京,2,15,30K,2,22.5
23,交通数据分析师,北京,2,15,25K,2,20
25,高级大数据研发工程师,北京,2,10,20K,4,15
26,车型数据专员,北京,1,6,8K,4,7
27,Power BI 数据分析师,北京,1,8,12K,2,10
28,高级数据分析咨询师,北京,2,15,30K,7.5,22.5
29,大数据建模科学家,北京,3,50,100K,10,75
30,数据分析师,北京,2,9,14K,2,11.5
31,数据处理工程师,北京,2,7,14K,2,10.5
32,大数据科学院数据科学家,北京,4,30,50K,4,40
33,数据分析师,北京,2,6,10K,2,8
34,中级数据分析师,北京,2,11,20K,4,15.5
35,大数据售前架构师,北京,2,13,25K,4,19
36,大数据产品经理,北京,3,5,10K,4,7.5
37,泛娱乐大数据产品经理,北京,2,14,22K,4,18
38,高级数据分析师,北京,2,20,40K,7.5,30
39,MySQL数据库研发专家,北京,2,30,50K,7.5,40
40,高级大数据开发工程师,北京,2,15,30K,7.5,22.5
41,大数据技术经理,北京,2,25,50K・14薪,7.5,37.5
42,数据库技术支持工程师,北京,2,15,30K,7.5,22.5
43,数据产品经理,北京,2,20,40K,4,30
44,大数据技术总监,北京,2,40,60K,7.5,50
45,数据产品经理,北京,2,12,18K,7.5,15
46,数据工程师,北京,2,30,60K,7.5,45
47,数据总监,北京,2,30,60K,7.5,45
48,数据工程师,北京,2,20,25K,4,22.5
49,数据分析员,北京,2,4,6K,2,5
50,数据开发工程师,北京,2,20,40K,2,30
51,大数据,北京,3,30,40K,4,35
52,数据开发,北京,2,16,20K,7.5,18
53,数据运营,北京,2,18,25K,4,21.5
54,工程数据工程师,北京,2,5,10K,2,7.5
55,数据分析助理,北京,2,2,4K,1,3
56,助理数据分析师（实习）,北京,2,2,4K,2,3
57,数据分析师,北京,2,5,6K,1,5.5
58,助理数据分析师,北京,2,5,6K,1,5.5
59,大数据产业链行业研究总监,北京,2,20,40K,7.5,30
60,数据科学家（数据科学技术咨询方向）,北京,3,25,35K,4,30
61,数据分析师,北京,2,7,11K,2,9
62,大数据开发工程师,北京,2,18,25K,4,21.5
63,数据核查员,北京,1,5,8K,2,6.5
64,空间数据处理工程师,北京,2,6,12K,2,9
65,遥感数据解译师,北京,2,5,10K,2,7.5
66,数据分析师/行业数据分析师,北京,3,6,12K,4,9
67,信息数据分析员,北京,2,4,8K,4,6
68,大数据开发工程师,北京,2,15,30K,2,22.5
69,数据标注实习生,北京,2,2,4K,2,3
70,商业数据分析产品经理,北京,2,20,40K,4,30
71,大数据实施工程师,北京,2,8,15K,2,11.5
72,大数据开发工程师,北京,2,10,15K,4,12.5
73,大数据架构师,北京,2,28,35K,7.5,31.5
74,大数据开发工程师,北京,2,15,20K,4,17.5
75,大数据研发工程师,北京,2,15,25K,4,20
76,大数据技术负责人,北京,2,50,70K,7.5,60
77,主数据咨询顾问,北京,2,9,14K,4,11.5
78,数据分析师,北京,2,9,12K,4,10.5
79,大数据技术经理,北京,2,20,35K,7.5,27.5
80,数据分析,北京,2,4,6K,2,5
81,大数据工程师,北京,2,8,12K,2,10
82,大数据应用工程师,北京,2,11,20K,4,15.5
83,媒介数据员,北京,2,3,6K,2,4.5
84,数据分析师,北京,2,10,15K,2,12.5
85,数据分析师,北京,2,9,14K,4,11.5
86,数据产品经理,北京,2,25,40K,7.5,32.5
87,高级数据库运维工程师DBA,北京,2,11,22K,4,16.5
88,数据工程师（ETL）,北京,2,12,16K,2,14
89,数据科学家,北京,2,20,40K,4,30
90,数据挖掘工程师,北京,2,25,45K,7.5,35
91,数据工程师,北京,2,20,40K,4,30
92,数据仓库工程师,北京,2,8,10K,2,9
93,大数据开发,北京,2,30,45K,7.5,37.5
94,数据运营,北京,2,4,7K,1,5.5
95,大数据组长,北京,2,60,80K・16薪,7.5,70
96,数据处理,北京,1,5,8K,2,6.5
97,数据工程师,北京,2,25,35K,4,30
98,数据科学家,北京,2,30,50K,4,40
99,数据运营,北京,1,11,19K,2,15
100,数据产品经理,北京,2,15,30K,2,22.5
101,数据工程师,北京,2,15,26K,7.5,20.5
102,数据挖掘,北京,3,20,40K,4,30
103,数据开发专家,北京,2,25,50K,2,37.5
104,数据挖掘,北京,2,20,40K,7.5,30
105,数据挖掘,北京,2,20,35K,2,27.5
106,数据开发,北京,2,15,25K,4,20
107,数据治理专家,北京,2,20,40K,7.5,30
108,数据产品,北京,3,20,40K,4,30
109,数据开发,北京,2,15,25K,7.5,20
110,数据库,北京,2,12,23K,7.5,17.5
111,数据研发工程师,北京,2,20,40K・14薪,4,30
112,数据库管理员,北京,2,15,30K,4,22.5
113,数据挖掘工程师,北京,2,30,50K,4,40
114,数据开发,北京,2,20,35K,4,27.5
115,数据仓库,北京,2,25,50K,4,37.5
116,数据挖掘,北京,3,13,26K,1,19.5
117,数据挖掘,北京,3,30,60K,4,45
118,数据挖掘,北京,2,15,30K,2,22.5
119,数据专员,北京,2,6,8K,2,7
120,数据研发专家,北京,2,30,60K,4,45
121,数据库工程师,北京,1,15,20K,4,17.5
122,数据挖掘工程师,北京,2,35,50K,7.5,42.5
123,数据开发工程师,北京,2,7,12K,2,9.5
124,大数据架构师,北京,2,40,70K,7.5,55
125,大数据架构师,北京,2,45,65K,7.5,55
126,数据开发,北京,2,20,40K,4,30
127,数据库架构师,北京,2,45,55K,10,50
128,数据开发工程师,北京,3,17,34K,4,25.5
129,数据库管理员,北京,2,10,20K,4,15
130,大数据讲师(J11583),北京,1,25,35K・13薪,7.5,30
131,数据挖掘专家,北京,2,20,40K,4,30
132,数据产品实习生,北京,2,2,3K,2,2.5
133,数据挖掘,北京,2,10,20K,2,15
134,数据平台工程师,北京,2,30,60K,7.5,45
135,数据产品经理,北京,2,11,20K,2,15.5
136,数据科学家,北京,4,20,40K,2,30
137,数据通信工程师,北京,2,9,15K,2,12
138,数据挖掘,北京,2,20,40K,2,30
139,数据挖掘工程师,北京,3,25,40K,4,32.5
140,数据开发,北京,2,10,15K,4,12.5
141,数据开发,北京,2,20,28K,2,24
142,DB2 DBA?(数据库管理员),北京,2,20,40K,4,30
143,数据科学家,北京,4,35,65K,4,50
144,数据产品经理,北京,2,18,35K,7.5,26.5
145,数据开发工程师,北京,2,20,40K,4,30
146,数据实习,北京,1,3,4K,0,3.5
147,大数据专家,北京,1,40,60K,7.5,50
148,大数据leader,北京,2,30,60K,7.5,45
149,数据治理（5年以上）,北京,2,25,50K,7.5,37.5
150,数据挖掘工程师,北京,2,15,30K,4,22.5
151,数据仓库,北京,2,15,30K,2,22.5
152,数据总监,北京,2,40,70K,7.5,55
153,数据平台开发node.js,北京,2,20,35K,7.5,27.5
154,大数据教研员,北京,2,40,65K,7.5,52.5
155,数据分析师,北京,2,10,15K,4,12.5
156,数据开发,北京,2,12,14K,4,13
157,数据挖掘工程师,北京,2,20,30K・14薪,4,25
158,数据开发工程师,北京,2,25,45K,4,35
159,数据库运维开发,北京,2,20,40K,7.5,30
160,数据挖掘,北京,2,25,50K,2,37.5
161,数据可视化工程师,北京,2,12,20K,2,16
162,大数据工程师,北京,2,20,35K,7.5,27.5
163,大数据开发工程师,北京,2,50,80K,4,65
164,数据平台工程师,北京,2,25,50K,4,37.5
165,数据挖掘经理,北京,2,30,50K,7.5,40
166,大数据专家,北京,2,40,60K,7.5,50
167,数据架构师,北京,2,30,50K,7.5,40
168,数据分析师,北京,2,20,35K,4,27.5
169,数据顾问,北京,2,20,35K,7.5,27.5
170,数据分析经理,北京,1,12,24K,2,18
171,Java（数据）,北京,2,9,10K,2,9.5
172,Java数据工程师,北京,2,40,70K,7.5,55
173,数据开发工程师,北京,2,15,30K,4,22.5
174,数据挖掘,北京,2,20,28K,2,24
175,大数据平台架构师,北京,2,30,60K,4,45
176,高德-数据产品专家,北京,2,20,40K,4,30
177,数据开发,北京,2,20,30K,4,25
178,数据／语音标注,北京,1,5,7K,2,6
179,数据治理工程师,北京,2,25,50K,7.5,37.5
180,数据开发工程师,北京,2,20,40K,4,30
181,数据产品经理,北京,2,20,40K,4,30
182,数据开发工程师,北京,2,13,17K,4,15
183,数据库工程师,北京,2,12,24K,4,18
184,数据仓库工程师,北京,2,5,10K,2,7.5
185,数据平台工程师,北京,2,30,50K,4,40
186,数据运营,北京,2,8,13K・14薪,2,10.5
187,数据工程师,北京,2,20,40K,4,30
188,数据工程师,北京,2,25,45K,2,35
189,大数据总监,北京,2,50,65K,7.5,57.5
190,数据产品经理,北京,2,10,11K,4,10.5
191,大数据总监,北京,2,35,45K・14薪,7.5,40
192,数据开发工程师,北京,2,30,50K,4,40
193,数据产品经理,北京,2,30,60K,7.5,45
194,2019届研究生（大数据）,北京,3,11,22K,2,16.5
195,数据算法工程师,北京,2,25,50K,2,37.5
196,数据采集,北京,2,15,25K,4,20
197,数据仓库工程师,北京,2,30,60K,4,45
198,资深数据仓库工程师,北京,2,30,60K,7.5,45
199,数据开发,北京,2,8,15K,2,11.5
200,数据运营,北京,2,10,20K,4,15
201,数据挖掘工程师,北京,3,20,40K,2,30
202,数据工程高级经理,北京,2,30,60K,2,45
203,数据架构师,北京,2,20,40K,7.5,30
204,数据建模工程师,北京,2,15,30K,4,22.5
205,数据分析专员,北京,2,6,8K,2,7
206,数据分析师,北京,3,18,25K,4,21.5
207,数据型产品经理,北京,2,20,30K,4,25
208,数据产品经理,北京,2,15,25K,2,20
209,数据库运维岗,北京,2,20,40K,4,30
210,数据工程师,北京,2,10,15K,2,12.5
211,大数据算法工程师,北京,2,25,50K,4,37.5
212,数据仓库工程师,北京,2,20,30K,4,25
213,数据建模工程师,北京,2,20,30K,4,25
214,Hadoop大数据工程师,北京,2,30,50K,4,40
215,数据架构师,北京,2,35,60K,4,47.5
216,数据采集,北京,2,15,30K,4,22.5
217,数据开发工程师,北京,2,25,50K,7.5,37.5
218,高级数据仓库工程师,北京,2,25,40K,7.5,32.5
219,数据仓库工程师,北京,2,25,35K,7.5,30
220,数据仓库,北京,2,20,40K,2,30
221,用户增长数据产品,北京,2,20,30K,4,25
222,高级数据开发工程师,北京,2,20,30K・14薪,7.5,25
223,数据分析师,北京,2,20,40K,7.5,30
224,数据产品经理,北京,2,20,21K,7.5,20.5
225,数据库售前顾问,北京,2,20,40K,7.5,30
226,数据工程师,北京,2,25,50K,2,37.5
227,数据治理工程师,北京,2,20,30K,7.5,25
228,大数据架构师,北京,2,45,75K,7.5,60
229,高级数据产品经理,北京,2,30,50K,7.5,40
230,数据产品经理,北京,2,15,30K,4,22.5
231,数据分析师,北京,2,8,13K,7.5,10.5
232,数据开发工程师,北京,2,15,30K,4,22.5
233,数据开发,北京,2,12,18K・13薪,4,15
234,图数据库工程师,北京,2,30,60K,2,45
235,数据架构师,北京,2,25,40K,7.5,32.5
236,大数据工程师,北京,2,30,60K・16薪,4,45
237,数据开发,北京,2,20,30K,4,25
238,数据库开工程师,北京,1,10,15K,2,12.5
239,数据库开发工程师,北京,2,15,30K,4,22.5
240,数据可视化工程师,北京,3,30,60K,1,45
241,数据工程师,北京,1,3,6K,2,4.5
242,DBA(Oracle)数据库管理员,北京,2,15,21K,7.5,18
243,数据挖掘工程师,北京,3,20,40K,4,30
244,数据分析师,北京,2,16,30K,4,23
245,数据分析师,北京,2,20,35K,4,27.5
246,数据专员,北京,2,5,6K,1,5.5
247,数据挖掘工程师,北京,2,20,40K,2,30
248,数据平台技术专家,北京,2,40,70K,7.5,55
249,数据挖掘工程师,北京,2,20,40K,4,30
250,数据运营（用户）,北京,2,15,30K,7.5,22.5
251,数据分析主管,北京,2,7,14K,4,10.5
252,数据产品总监,北京,2,40,80K,7.5,60
253,数据产品经理,北京,2,25,40K,4,32.5
254,数据总监,北京,2,25,50K,7.5,37.5
255,大数据架构师,北京,2,30,50K,7.5,40
256,数据分析师,北京,2,20,40K,4,30
257,数据开发,北京,2,25,50K,2,37.5
258,数据挖掘,北京,2,10,15K,2,12.5
259,数据开发,北京,2,25,50K,4,37.5
260,数据开发工程师,北京,2,21,30K,4,25.5
261,大数据分析师,北京,2,10,15K,7.5,12.5
262,数据工程师,北京,2,20,40K,4,30
263,数据标注专员,北京,1,6,7K,2,6.5
264,数据开发工程师,北京,2,20,40K,2,30
265,数据挖掘工程师或专家,北京,3,30,60K,4,45
266,数据仓库工程师,北京,3,16,29K,4,22.5
267,数据仓库工程师,北京,2,15,25K,2,20
268,数据分析师,北京,2,20,30K,1,25
269,数据运营,北京,2,10,14K,4,12
270,数据产品经理,北京,2,20,30K,2,25
271,高级数据仓库工程师,北京,2,20,40K,7.5,30
272,数据分析师,北京,2,10,15K,2,12.5
273,数据挖掘工程师,北京,2,7,14K,2,10.5
274,数据分析经理,北京,2,20,35K,7.5,27.5
275,数据分析师,北京,2,12,24K,4,18
276,大数据组长,北京,2,60,80K・16薪,7.5,70
277,数据产品经理,北京,2,20,40K,7.5,30
278,数据挖掘,北京,3,12,20K,2,16
279,大数据讲师,北京,2,30,50K,2,40
280,数据科学家,北京,2,20,40K,2,30
281,数据开发,北京,2,23,35K,4,29
282,数据库管理工程师,北京,2,15,30K,7.5,22.5
283,数据工程师,北京,2,20,35K,4,27.5
284,数据运营,北京,2,9,11K,1,10
285,数据产品经理,北京,2,30,50K,7.5,40
286,数据挖掘工程师,北京,3,25,40K,4,32.5
287,GIS数据开发,北京,2,15,25K,4,20
288,数据架构师,北京,2,35,65K,7.5,50
289,高级数据分析,北京,2,20,40K,4,30
290,数据开发工程师,北京,2,16,26K,4,21
291,大数据工程师,北京,2,20,35K,4,27.5
292,资深数据研发工程师,北京,2,20,40K,4,30
293,数据挖掘工程师,北京,2,25,45K,4,35
294,数据平台架构师,北京,2,30,50K,4,40
295,地图数据编辑,北京,2,10,15K,2,12.5
296,数据专员,北京,2,8,15K,2,11.5
297,数据库工程师,北京,2,15,30K,7.5,22.5
298,数据产品经理,北京,2,15,30K,4,22.5
299,数据仓库,北京,2,25,45K,7.5,35
300,银行数仓ETL工程师,北京,2,25,35K,7.5,30
301,ETL开发工程师,北京,2,8,15K,4,11.5
302,ETL开发工程师(006474),北京,2,18,30K,4,24
303,ETL工程师,北京,2,13,19K,4,16
304,ETL工程师,北京,3,15,22K,4,18.5
305,ETL工程师,北京,2,10,15K,2,12.5
306,ETL工程师,北京,2,12,24K,2,18
307,ETL工程师,北京,2,8,12K,4,10
308,ETL工程师,北京,2,20,30K,4,25
309,ETL工程师,北京,2,20,40K,4,30
310,ETL工程师,北京,1,8,13K,2,10.5
311,ETL工程师,北京,2,10,15K,2,12.5
312,ETL工程师（中信）,北京,2,10,15K,4,12.5
313,etl工程师,北京,2,8,15K,7.5,11.5
314,ETL工程师,北京,2,9,18K,2,13.5
315,ETL开发工程师,北京,2,12,18K,4,15
316,etl工程师,北京,2,10,15K,4,12.5
317,ETL工程师,北京,2,8,13K,1,10.5
318,ETL开发工程师,北京,2,10,15K,4,12.5
319,ETL开发工程师（光大网贷）,北京,2,11,20K,4,15.5
320,ETL开发工程师,北京,2,9,11K,2,10
321,数据仓库工程师(ETL方向),北京,2,16,30K・14薪,4,23
322,ETL中级开发工程师（驻北京现场）,北京,2,12,17K,7.5,14.5
323,高级ETL开发工程师,北京,2,12,20K,4,16
324,etl研发工程师,北京,2,5,10K,2,7.5
325,数据开发工程师（ETL工程师）,北京,1,13,26K,2,19.5
326,ETL开发工程师,北京,2,13,18K,7.5,15.5
327,ETL工程师,北京,2,13,26K,4,19.5
328,etl开发工程师,北京,2,10,20K,4,15
329,ETL工程师,北京,2,6,12K,1,9
330,ETL开发工程师,北京,2,15,25K,4,20
331,ETL工程师,北京,2,8,16K,2,12
332,高级ETL工程师,北京,2,18,30K,4,24
333,etl工程师,北京,2,15,25K,4,20
334,ETL工程师,北京,2,10,20K,4,15
335,BI 售前工程师（ETL）,北京,2,10,15K・13薪,4,12.5
336,ETL工程师,北京,2,8,16K,2,12
337,ETL开发工程师,北京,2,11,16K,4,13.5
338,ETL开发工程师,北京,2,15,30K,4,22.5
339,ETL工程师,北京,2,12,14K,4,13
340,ETL工程师,北京,2,11,18K,4,14.5
341,ETL开发工程师,北京,2,18,30K,4,24
342,ETL工程师,北京,2,15,20K,4,17.5
343,ETL工程师,北京,2,18,23K,7.5,20.5
344,ETL开发工程师,北京,2,12,20K,4,16
345,ETL工程师,北京,2,8,12K・13薪,2,10
346,数据仓库ETL工程师（可出差）,北京,2,10,13K,4,11.5
347,大数据ETL工程师,北京,2,15,30K,7.5,22.5
348,大数据开发工程师（ETL）,北京,2,12,20K,4,16
349,ETL开发工程师,北京,2,8,15K,2,11.5
350,ETL工程师,北京,2,7,14K,2,10.5
351,ETL工程师,北京,2,15,20K,2,17.5
352,ETL工程师,北京,2,8,13K,2,10.5
353,ETL数据工程师,北京,2,10,15K,4,12.5
354,etl工程师,北京,2,8,15K,4,11.5
355,高级ETL工程师,北京,2,20,30K,7.5,25
356,ETL工程师,北京,2,6,8K,0,7
357,ETL开发工程师,北京,2,6,8K,2,7
358,ETL工程师,北京,2,15,30K,4,22.5
359,ETL工程师,北京,3,15,25K,2,20
360,高德-深度信息ETL架构师/工程师,北京,2,25,50K,2,37.5
361,ETL工程师,北京,2,10,15K,4,12.5
362,大数据研发工程师 数据仓库ETL方向,北京,2,20,30K,4,25
363,北京中高级ETL开发工程师,北京,2,9,18K,4,13.5
364,ETL软件工程师（Informatica工具）,北京,2,12,17K,7.5,14.5
365,ETL-BI中级工程师,北京,2,11,20K・13薪,4,15.5
366,ETL高级开发工程师,北京,2,25,50K,4,37.5
367,ETL工程师,北京,2,8,15K,2,11.5
368,ETL工程师,北京,1,8,12K,4,10
369,ETL工程师,北京,2,15,20K,7.5,17.5
370,ETL工程师,北京,2,10,15K,4,12.5
371,ETL开发工程师,北京,2,14,16K・13薪,7.5,15
372,数据工程师（ETL）,北京,2,12,16K,2,14
373,etl工程师,北京,2,11,16K,4,13.5
374,ETL开发工程师,北京,2,12,20K,4,16
375,北京etl工程师,北京,2,10,15K,4,12.5
376,中高级ETL工程师,北京,2,14,28K,4,21
377,ETL开发工程师,北京,2,12,24K,4,18
378,ETL工程师,北京,2,8,13K,2,10.5
379,ETL工程师,北京,2,13,18K・15薪,7.5,15.5
380,ETL工程师,北京,2,8,16K,2,12
381,ETL工程师,北京,2,8,12K,2,10
382,ETL工程师,北京,2,8,13K,2,10.5
383,ETL工程师,北京,2,6,12K,2,9
384,ETL工程师,北京,2,20,30K,4,25
385,ETL/BI工程师,北京,2,11,18K,4,14.5
386,ETL工程师,北京,2,8,10K,2,9
387,ETL工程师,北京,2,20,30K,7.5,25
388,ETL工程师,北京,2,10,20K,4,15
389,数据仓库技术经理,北京,2,20,30K,4,25
390,ETL工程师/大数据开发工程师/数据治理专员,北京,1,14,15K,4,14.5
391,ETL开发工程师,北京,2,8,12K,2,10
392,ETL工程师,北京,2,11,22K,4,16.5
393,ETL工程师,北京,2,15,20K,7.5,17.5
394,ETL工程师,北京,2,6,12K,4,9
395,ETL工程师,北京,2,20,30K,2,25
396,etl实施工程师,北京,2,10,18K,2,14
397,大数据ETL工程师,北京,2,15,25K,4,20
398,ETL工程师,北京,2,8,15K,2,11.5
399,高级Hadoop ETL 工程师,北京,2,18,30K,2,24
400,Hadoop/Spark ETL高级工程师,北京,2,18,30K,2,24
401,ETL开发工程师,北京,2,15,20K,4,17.5
402,ETL工程师,北京,2,20,40K,7.5,30
403,ETL工程师,北京,2,20,40K,7.5,30
404,大数据ETL工程师,北京,2,15,30K,2,22.5
405,ETL工程师,北京,2,13,20K,4,16.5
406,ETL开发工程师,北京,1,10,20K,4,15
407,ETL工程师,北京,2,9,14K,4,11.5
408,ETL工程师,北京,2,8,14K,2,11
409,高级ETL工程师,北京,2,10,20K,4,15
410,ETL工程师,北京,2,18,30K,2,24
411,数据仓库工程师(ETL),北京,2,20,35K,2,27.5
412,大数据ETL工程师,北京,2,15,20K,4,17.5
413,ETL工程师,北京,3,12,23K,4,17.5
414,ETL开发工程师,北京,2,15,20K,4,17.5
415,ETL工程师,北京,2,15,20K,2,17.5
416,数据仓库工程师(ETL),北京,2,20,35K,4,27.5
417,数据库ETL开发工程师,北京,2,10,15K,4,12.5
418,JAVA数据库ETL工程师,北京,2,10,15K,4,12.5
419,数据库ETL开发工程师,北京,2,10,15K,2,12.5
420,Java高级,北京,2,10,15K,4,12.5
421,Java高级软件工程师,北京,2,10,13K,4,11.5
422,Java,北京,2,15,20K,4,17.5
423,小度云平台-数据工程师,北京,2,15,30K,7.5,22.5
424,大数据研发工程师/数据仓库工程师,北京,2,20,40K,4,30
425,数据开发工程师,北京,2,15,30K,4,22.5
426,大数据ETL工程师,北京,2,15,30K,4,22.5
427,大数据ETL工程师,北京,2,20,40K,4,30
428,ETL工程师,北京,2,8,15K,4,11.5
429,大数据研发工程师-ETL,北京,1,25,35K,4,30
430,金融行业ETL工程师,北京,2,10,20K,4,15
431,大数据etl工程师,北京,3,19,38K,2,28.5
432,ETL工程师,北京,2,6,12K,2,9
433,ETL工程师,北京,2,8,16K,2,12
434,ETL/.net/SQL工程师,北京,2,15,25K,4,20
435,ETL工程师,北京,2,10,20K,2,15
436,ETL工程师,北京,1,9,15K,2,12
437,ETL开发工程师,北京,2,10,20K,4,15
438,etl工程师,北京,1,8,15K,4,11.5
439,ETL开发工程师,北京,2,12,24K,2,18
440,ETL工程师,北京,2,10,15K,2,12.5
441,ETL开发工程师,北京,2,8,15K,2,11.5
442,ETL工程师,北京,2,12,20K,2,16
443,ETL数据仓库工程师,北京,2,10,20K,4,15
444,ETL工程师 - SSIS,北京,2,11,20K,2,15.5
445,深度信息ETL架构师/工程师,北京,2,30,60K,4,45
446,大数据ETL工程师,北京,2,20,30K,4,25
447,ETL工程师,北京,2,20,33K,1,26.5
448,ETL工程师,北京,2,10,15K,4,12.5
449,ETL工程师,北京,2,10,15K,4,12.5
450,大数据研发工程师,北京,2,15,30K,4,22.5
451,大数据运维工程师,北京,2,15,30K,7.5,22.5
452,数据开发,北京,2,12,14K,1,13
453,大数据研发工程师（外包岗）,北京,2,8,15K,2,11.5
454,【实习生】大数据研发岗,北京,3,4,5K,2,4.5
455,数据研发,北京,2,20,40K,2,30
456,数据开发,北京,2,20,40K,7.5,30
457,数据仓库开发,北京,2,20,40K,7.5,30
458,数据仓库高级工程师,北京,2,18,30K,2,24
459,数据仓库工程师,北京,2,15,30K,4,22.5
460,高级数据仓库工程师,北京,2,20,40K,4,30
461,数据仓库工程师,北京,2,25,50K,7.5,37.5
462,数据仓库架构师,北京,2,40,70K,7.5,55
463,数据仓库资深工程师,北京,2,15,30K,7.5,22.5
464,数据仓库,北京,2,13,25K,2,19
465,资深数据仓库工程师,北京,2,25,30K,7.5,27.5
466,数据仓库工程师　,北京,2,20,40K,2,30
467,数据仓库工程师,北京,2,30,60K,7.5,45
468,数据仓库,北京,2,15,25K,7.5,20
469,高级数据仓库工程师,北京,2,27,50K,7.5,38.5
470,高级数据仓库研发工程师,北京,3,25,35K・15薪,4,30
471,BI数据仓库工程师,北京,2,18,35K,7.5,26.5
472,数据仓库高级工程师,北京,2,25,50K,7.5,37.5
473,数据仓库,北京,2,20,35K,1,27.5
474,数据仓库,北京,2,15,30K,4,22.5
475,数据仓库工程师(ETL方向),北京,2,16,30K・14薪,4,23
476,数据仓库开发工程师,北京,2,22,40K,4,31
477,数据仓库工程师,北京,2,20,35K,4,27.5
478,数据仓库负责人,北京,2,40,70K,7.5,55
479,数据仓库,北京,2,15,30K,4,22.5
480,数据仓库工程师,北京,2,25,40K,4,32.5
481,数据仓库高级工程师,北京,2,25,40K,4,32.5
482,数据仓库,北京,2,20,30K,4,25
483,数据仓库数据治理负责人,北京,2,30,50K・14薪,7.5,40
484,高级数据仓库工程师 (MJ000614),北京,2,30,40K・14薪,4,35
485,高级数据仓库工程师,北京,2,25,50K,2,37.5
486,资深数据仓库工程师,北京,2,25,35K,7.5,30
487,数据仓库开发工程师,北京,2,25,35K,2,30
488,高级数据仓库工程师/专家,北京,2,30,50K,7.5,40
489,数据仓库工程师,北京,3,18,35K,4,26.5
490,数据仓库工程师,北京,2,7,12K,2,9.5
491,数据仓库工程师,北京,2,18,35K,2,26.5
492,数据仓库工程师,北京,2,15,30K,7.5,22.5
493,量化数据仓库架构师,北京,2,30,60K,4,45
494,数据仓库,北京,2,25,45K,7.5,35
495,数据仓库,北京,2,20,30K,4,25
496,ADW自治数据仓库云顾问,北京,2,20,40K,7.5,30
497,数据仓库资深工程师,北京,2,30,55K,4,42.5
498,数据仓库工程师,北京,2,20,35K,4,27.5
499,数据仓库,北京,2,10,15K,2,12.5
500,数据仓库研发专家,北京,2,25,50K,7.5,37.5
501,数据仓库开发工程师,北京,2,25,40K,7.5,32.5
502,数据仓库,北京,2,15,30K,2,22.5
503,数据仓库研发工程师,北京,2,20,40K,4,30
504,数据仓库研发工程师,北京,2,15,25K,4,20
505,大数据技术专家 广告大数据 数据仓库,北京,2,28,45K,7.5,36.5
506,大数据技术专家 广告大数据 数据仓库,北京,2,28,45K,7.5,36.5
507,高德-数据仓库分析资深工程师/架构师,北京,2,25,50K,2,37.5
508,大数据研发工程师/数据仓库工程师,北京,2,20,40K,4,30
509,数据仓库开发工程师（核心数据平台）,北京,2,20,40K,4,30
510,大数据研发工程师 数据仓库ETL方向,北京,2,20,30K,4,25
511,高级数据仓库工程师,北京,2,15,30K,2,22.5
512,高级数据仓库工程师,北京,2,15,30K,4,22.5
513,高级数据仓库工程师,北京,2,25,40K,7.5,32.5
514,大数据工程师（数据平台、数据仓库方向）,北京,2,20,40K,7.5,30
515,搜狗金融-数据仓库研发工程师,北京,3,20,40K,2,30
516,数据仓库/大数据开发,北京,2,15,25K,7.5,20
517,数据仓库开发工程师,北京,2,16,27K,2,21.5
518,大数据工程师（数据平台、数据仓库方向）,北京,2,20,40K,4,30
519,数据仓库开发工程师,北京,2,20,35K,4,27.5
520,数据仓库前端开发工程师,北京,2,15,30K,7.5,22.5
521,数据仓库高级工程师,北京,2,25,35K,4,30
522,Hive数据仓库工程师,北京,2,12,24K,2,18
523,数据仓库,北京,2,24,30K,7.5,27
524,高级数据仓库开发工程师,北京,2,25,50K,4,37.5
525,数据仓库RD,北京,2,10,15K,2,12.5
526,数据仓库工程师/数据集市工程师,北京,2,10,15K,4,12.5
527,数据仓库,北京,2,8,16K,2,12
528,数据开发/数据仓库,北京,2,20,40K,4,30
529,数据仓库架构师,北京,2,25,40K,7.5,32.5
530,资深数据仓库架构师,北京,2,30,60K,7.5,45
531,数据仓库开发工程师,北京,2,20,40K,4,30
532,数据开发工程师/数据仓库,北京,2,25,50K,4,37.5
533,数据仓库解决方案经理,北京,2,25,35K,7.5,30
534,数据仓库,北京,2,25,35K,4,30
535,数据仓库工程师,北京,3,16,29K,4,22.5
536,数据仓库工程师,北京,2,30,60K,4,45
537,资深数据仓库工程师,北京,2,30,60K,7.5,45
538,数据仓库工程师,北京,2,15,25K,2,20
539,数据仓库工程师,北京,2,20,30K,4,25
540,高级数据仓库工程师,北京,2,25,40K,7.5,32.5
541,数据仓库工程师,北京,2,25,35K,7.5,30
542,数据仓库,北京,2,20,40K,2,30
543,数据仓库工程师,北京,2,5,10K,2,7.5
544,数据仓库,北京,2,25,45K,7.5,35
545,高级数据仓库工程师,北京,2,20,40K,7.5,30
546,数据仓库工程师,北京,2,8,10K,2,9
547,数据仓库,北京,2,20,40K,4,30
548,数据仓库,北京,2,15,16K,2,15.5
549,数据仓库工程师,北京,2,15,30K,4,22.5
550,数据仓库工程师,北京,2,16,28K,2,22
551,数据仓库,北京,2,26,40K,7.5,33
552,数据仓库模型设计师,北京,2,15,25K,4,20
553,数据仓库实施工程师,北京,2,20,25K,7.5,22.5
554,数据仓库总监,北京,2,25,50K,7.5,37.5
555,数据仓库工程师(ETL),北京,2,20,35K,2,27.5
556,数据仓库,北京,2,3,6K,1,4.5
557,数据仓库架构师,北京,2,25,40K,4,32.5
558,数据仓库工程师/架构师,北京,2,42,75K,4,58.5
559,数据仓库工程师,北京,2,15,30K,2,22.5
560,资深数据仓库开发工程师,北京,2,30,50K,7.5,40
561,数据仓库架构师,北京,3,25,45K,7.5,35
562,资深数据仓库工程师/专家（BJ）,北京,2,25,50K,7.5,37.5
563,数据仓库工程师(ETL),北京,2,20,35K,4,27.5
564,数据仓库技术经理,北京,2,20,30K,4,25
565,数据仓库架构师,北京,2,35,50K,7.5,42.5
566,数据仓库工程师,北京,2,35,65K,4,50
567,数据仓库架构师,北京,2,30,50K,7.5,40
568,数据仓库架构师,北京,2,20,40K,4,30
569,数据仓库ETL工程师（可出差）,北京,2,10,13K,4,11.5
570,高级数据仓库工程师,北京,2,25,35K,4,30
571,数据仓库,北京,2,10,11K,2,10.5
572,数据仓库,北京,2,20,30K,4,25
573,数据仓库,北京,2,20,40K,7.5,30
574,数据仓库工程师,北京,2,16,30K・14薪,7.5,23
575,资深数据仓库工程师,北京,2,25,50K,2,37.5
576,数据仓库研发工程师,北京,2,20,40K,2,30
577,数据仓库,北京,2,25,50K,7.5,37.5
578,数据仓库技术专家,北京,2,25,50K,4,37.5
579,数据仓库技术专家-基础平台,北京,2,25,50K,4,37.5
580,数据仓库技术专家-基础平台,北京,2,25,50K,4,37.5
581,数据仓库高级工程师,北京,2,20,40K,2,30
582,数据仓库工程师,北京,2,25,50K,4,37.5
583,数据仓库研发专家,北京,2,20,39K,4,29.5
584,量化数据仓库架构师,北京,2,20,40K,4,30
585,数据仓库,北京,2,10,20K,2,15
586,数据仓库工程师,北京,2,20,35K,4,27.5
587,高级数据仓库工程师/专家,北京,2,30,50K,4,40
588,数据仓库专家,北京,2,20,40K,7.5,30
589,数据仓库工程师,北京,2,15,25K,7.5,20
590,数据仓库开发工程师,北京,2,18,28K,4,23
591,数据仓库工程师,北京,2,20,40K,2,30
592,数据仓库研发工程师,北京,2,15,25K,2,20
593,数据仓库（20年毕业生实习岗）,北京,3,1,6K,2,3.5
594,数据仓库研发工程师,北京,2,15,25K,2,20
595,数据仓库,北京,2,9,18K,4,13.5
596,数据仓库高级研发工程师,北京,2,20,30K,4,25
597,数据仓库开发工程师,北京,2,25,50K,7.5,37.5
598,数据仓库,北京,1,2,4K,1,3
599,企业级数据仓库研发工程师,北京,2,15,30K,2,22.5
600,数据仓库模型架构师,北京,2,35,50K,7.5,42.5
601,数据仓库模型设计师,北京,2,20,40K,7.5,30
602,数据仓库模型架构师,北京,2,25,40K,7.5,32.5
603,数据仓库专家,北京,2,30,45K,7.5,37.5
604,数据仓库,北京,2,10,15K,2,12.5
605,数据仓库开发,北京,2,20,40K,7.5,30
606,大数据开发工程师（数据仓库方向）,北京,2,15,30K,4,22.5
607,数据仓库,北京,2,25,50K,4,37.5
608,高级ETL开发工程师,北京,2,12,20K,4,16
609,首席架构师,北京,2,80,110K,10,95
610,数据挖掘工程师,北京,2,25,50K・16薪,4,37.5
611,高级greenplun工程师,北京,2,10,15K,4,12.5
612,数据研发工程师,北京,2,25,30K,1,27.5
613,数据开发工程师,北京,2,30,50K,4,40
614,ETL工程师,北京,2,11,18K,4,14.5
615,ETL工程师,北京,2,10,15K,2,12.5
616,大数据开发工程师,北京,2,10,15K,4,12.5
617,数据开发实习工程师,北京,3,3,6K,1,4.5
618,数据仓库工程师,北京,2,15,25K,4,20
619,数据仓库高级研发工程师,北京,2,20,40K,4,30
620,数据仓库开发工程师,北京,2,8,12K,2,10
621,数据仓库,北京,2,25,50K,4,37.5
622,数据仓库专家,北京,2,15,30K,4,22.5
623,高级后端研发工程师（大数据方向）,北京,2,30,50K,4,40
624,高级大数据开发工程师,北京,2,20,40K,7.5,30
625,大数据研发工程师,北京,2,20,30K,2,25
627,高级BI开发,北京,2,13,17K,7.5,15
628,财务BI产品经理,北京,2,20,40K,2,30
629,高级产品经理-财务方向,北京,2,20,40K,2,30
630,财务BI高级产品经理,北京,2,20,40K,2,30
631,小度云平台-数据工程师,北京,2,15,30K,7.5,22.5
632,数据工程师,北京,2,30,60K,7.5,45
633,数据开发工程师,北京,2,20,40K,2,30
634,大数据开发,北京,2,30,45K,7.5,37.5
635,腾讯社交广告大数据后台开发工程师(北京）,北京,2,25,50K,4,37.5
636,Python工程师 大数据方向,北京,2,25,50K,4,37.5
637,Oracle,北京,2,15,30K,7.5,22.5
638,ETL工程师,北京,2,6,12K,2,9
639,高级数据工程师,北京,2,30,40K,7.5,35
640,大数据技术经理,北京,2,20,35K,7.5,27.5
641,大数据应用工程师,北京,2,11,20K,4,15.5
642,数据架构师,北京,1,25,40K,4,32.5
643,ETL开发工程师(006474),北京,2,18,30K,4,24
644,ETL开发工程师,北京,2,18,30K,4,24
645,数据分析师,北京,2,20,40K・14薪,4,30
646,大数据BI工程师,北京,2,20,35K,4,27.5
647,ETL工程师,北京,3,15,25K,2,20
648,数据平台工程师,北京,2,9,10K,2,9.5
649,数据架构师,北京,2,25,50K,2,37.5
650,数据建模工程师,北京,2,15,30K,4,22.5
651,大数据工程师,北京,2,20,30K・14薪,2,25
652,北京Oracle,北京,2,12,20K,7.5,16
653,大数据开发岗,北京,2,16,20K,4,18
654,高级大数据研发工程师,北京,2,20,40K,4,30
655,大数据开发工程师,北京,2,20,40K,4,30
656,数据开发,北京,2,15,30K,2,22.5
657,大数据ETL工程师,北京,2,15,30K,2,22.5
658,大数据平台工程师,北京,2,15,30K,4,22.5
659,算法工程师,北京,3,20,25K,2,22.5
660,ETL工程师,北京,2,20,40K,7.5,30
661,数据开发,北京,2,20,40K,7.5,30
662,数据工程师,北京,2,8,13K,4,10.5
663,BI/DB工程师,北京,2,20,30K,4,25
664,系统工程师,北京,2,10,11K,4,10.5
665,大数据资深开发工程师,北京,2,30,45K・14薪,4,37.5
666,高级数据开发工程师,北京,2,20,40K,4,30
667,数据挖掘,北京,2,10,15K,2,12.5
668,机器学习/数据挖掘实习生,北京,3,4,8K,0,6
669,OLAP负责人,北京,2,25,50K,4,37.5
670,搜索运维部-手百FEED数据流运维研发工程师,北京,2,15,30K,2,22.5
671,数据架构师,北京,2,25,50K,4,37.5
672,数据开发,北京,2,20,40K,4,30
673,大数据开发工程师,北京,2,15,30K,4,22.5
674,高级ETL工程师,北京,2,20,30K,7.5,25
675,百度大数据研发实习生,北京,3,4,5K,0,4.5
676,数据开发工程师/专家,北京,2,30,60K,7.5,45
677,大数据开发经理,北京,2,30,45K,7.5,37.5
678,数据科学家,北京,3,25,35K,4,30
679,大数据工程师,北京,2,18,25K,4,21.5
680,技术经理,北京,3,20,25K,4,22.5
681,大数据开发实习生,北京,3,4,5K,0,4.5
682,大数据研发实习生,北京,2,4,5K,2,4.5
683,数据仓库,北京,2,30,40K,7.5,35
684,数据仓库,北京,2,25,30K,4,27.5
685,资深数据仓库工程师,北京,2,25,40K,4,32.5
686,数据仓库,北京,2,10,20K,2,15
687,数据仓库高级研发工程师,北京,2,15,30K,2,22.5
688,数据仓库,北京,2,20,25K,4,22.5
689,数据仓库高级工程师,北京,2,40,50K,7.5,45
690,数据仓库工程师,北京,2,20,35K,4,27.5
691,实时数据仓库开发,北京,2,25,50K,7.5,37.5
692,数据仓库工程师,北京,2,15,25K,2,20
693,高级大数据开发/数据仓库开发工程师,北京,2,20,40K,7.5,30
694,数据仓库开发工程师,北京,2,15,30K,2,22.5
696,数据仓库,北京,2,30,50K,7.5,40
697,数据仓库工程师,北京,2,20,40K,4,30
698,数据仓库,北京,2,15,30K,4,22.5
699,高级Java数据库工程师,北京,1,20,30K,4,25
700,数据库工程师,北京,2,12,20K,4,16
701,高级数据平台工程师,北京,2,30,50K,4,40
702,Hadoop,北京,2,15,30K,2,22.5
703,数据架构师,北京,2,25,48K,7.5,36.5
704,搜索运维部_手百FEED数据流运维研发工程师,北京,2,15,30K,2,22.5
705,开发经理,北京,2,40,60K,7.5,50
706,数据分析师,北京,2,18,25K,7.5,21.5
707,数据开发,北京,2,20,36K,2,28
708,数据开发工程师,北京,2,13,26K,4,19.5
709,项目经理,北京,2,5,10K,2,7.5
710,数据挖掘,北京,2,15,30K,2,22.5
711,数据处理工程师,北京,2,20,35K,4,27.5
712,大数据开发工程师,北京,2,30,50K,2,40
713,DB开发工程师/BI开发工程师,北京,2,20,30K,4,25
714,资深大数据研发工程师,北京,2,25,40K,4,32.5
715,数据产品高级研发工程师,北京,2,20,35K,4,27.5
716,高级数据开发工程师,北京,2,20,35K,4,27.5
717,数据挖掘,北京,3,23,40K,4,31.5
718,数据开发,北京,2,12,14K,1,13
719,【实习生】大数据研发岗,北京,3,4,5K,2,4.5
720,Java,北京,2,11,16K,2,13.5
721,大数据ETL工程师,北京,2,15,25K,4,20
722,大数据研发工程师（外包岗）,北京,2,8,15K,2,11.5
723,数据研发,北京,2,20,40K,2,30
724,Hadoop 大数据研发工程师,北京,2,18,35K,4,26.5
725,数据架构师,北京,2,30,60K,4,45
726,算法工程师,北京,2,15,30K,2,22.5
727,C++,北京,2,16,30K・15薪,2,23
728,高级后端研发工程师,北京,2,25,50K,4,37.5
729,数据仓库高级开发工程师,北京,2,25,50K,4,37.5
730,数据仓库,北京,2,25,35K,4,30
731,数据仓库负责人,北京,2,25,40K,7.5,32.5
732,数据仓库,北京,2,25,50K,7.5,37.5
733,数据仓库工程师,北京,2,15,30K,2,22.5
734,数据仓库,北京,2,10,20K,2,15
735,数据仓库架构师,北京,2,35,50K,7.5,42.5
736,数据仓库分析资深工程师/架构师,北京,2,30,55K,4,42.5
737,ETL数据仓库工程师,北京,2,10,20K,4,15
738,数据仓库开发工程师(高级),北京,2,20,30K,7.5,25
739,数据仓库,北京,2,15,30K,7.5,22.5
740,数据仓库,北京,2,20,40K,4,30
741,数据分析/数据仓库工程师,北京,2,15,30K,2,22.5
742,数据仓库,北京,2,20,35K,4,27.5
743,数据仓库工程师,北京,2,15,30K,4,22.5
744,数据仓库开发工程师,北京,2,15,30K,4,22.5
745,高德-数据仓库分析资深工程师/架构师,北京,2,20,40K,4,30
746,"数据仓库,ETL和建模",北京,2,25,40K,4,32.5
747,数据仓库工程师,北京,2,20,40K,2,30
748,数据仓库工程师,北京,3,19,38K,2,28.5
749,数据仓库,北京,2,20,40K,4,30
750,数据仓库,北京,2,15,30K,4,22.5
751,数据仓库/大数据架构师,北京,2,30,50K,7.5,40
752,数据仓库,北京,2,15,30K,4,22.5
753,数据仓库,北京,2,20,35K,4,27.5
754,数据仓库开发工程师,北京,2,20,40K,2,30
755,数据仓库,北京,2,20,30K,2,25
756,数据仓库,北京,2,20,30K,4,25
757,数据仓库开发工程师,北京,2,16,30K,7.5,23
758,数据开发,北京,2,20,40K,4,30
759,数据开发,北京,2,23,35K,4,29
760,数据开发工程师,北京,2,20,40K,2,30
761,数据开发工程师,北京,2,21,30K,4,25.5
762,数据开发,北京,2,22,30K,2,26
763,数据开发,北京,2,12,14K,4,13
764,数据开发工程师,北京,2,25,50K,7.5,37.5
765,数据开发,北京,2,20,28K,2,24
766,数据开发,北京,2,25,50K,2,37.5
767,数据开发,北京,2,25,50K,4,37.5
768,数据开发,北京,2,8,15K,2,11.5
769,数据开发工程师,北京,3,17,34K,4,25.5
770,高级数据开发工程师,北京,2,20,30K・14薪,7.5,25
771,数据开发工程师,北京,2,20,40K,4,30
772,数据开发工程师,北京,2,30,50K,4,40
773,数据开发,北京,2,10,20K,4,15
774,数据开发工程师,北京,2,15,25K,2,20
775,资深数据开发-DS,北京,2,25,26K,4,25.5
776,数据开发,北京,2,10,15K,4,12.5
777,数据开发工程师,北京,2,25,30K,4,27.5
778,数据开发工程师,北京,2,25,40K,4,32.5
779,数据开发实习工程师,北京,3,3,6K,1,4.5
780,实时数据开发工程师,北京,3,20,40K,7.5,30
781,数据开发,北京,2,18,25K,7.5,21.5
782,广告数据开发工程师,北京,2,20,40K,4,30
783,数据开发工程师,北京,2,12,24K,4,18
784,高级数据开发工程师,北京,2,20,30K・14薪,4,25
785,数据开发工程师（北京,北京,2,25,50K,4,37.5
786,资深数据开发工程师／架构师,北京,2,25,40K,7.5,32.5
787,数据开发资深工程师,北京,2,30,50K・15薪,4,40
788,PX-数据开发架构师,北京,2,25,50K,7.5,37.5
789,数据开发工程师,北京,2,30,60K・14薪,7.5,45
790,工程研发中心-数据开发工程师,北京,2,20,40K,4,30
791,数据开发,北京,3,13,18K,4,15.5
792,数据开发工程师,北京,2,30,50K,7.5,40
793,数据开发工程师,北京,2,10,15K,2,12.5
794,数据开发实习生,北京,2,3,5K,0,4
795,数据开发工程师,北京,2,25,50K,4,37.5
796,数据开发经理,北京,2,30,40K,7.5,35
797,数据开发工程师,北京,2,8,12K,2,10
798,数据开发,北京,2,15,30K,2,22.5
799,高级数据开发工程师,北京,2,20,35K,7.5,27.5
800,数据开发高级经理,北京,2,30,50K,7.5,40
801,数据开发工程师,北京,2,20,40K,2,30
802,数据开发,北京,2,15,30K,4,22.5
803,数据开发工程师,北京,2,15,30K,4,22.5
804,GIS数据开发工程师,北京,2,13,25K,4,19
805,数据开发工程师,北京,2,6,11K,2,8.5
806,数据开发工程师（ETL工程师）,北京,1,13,26K,2,19.5
807,数据开发工程师,北京,2,15,30K,7.5,22.5
808,高级数据开发工程师,北京,2,20,28K,4,24
809,数据开发工程师（积分、资产负债方向）,北京,2,10,15K,4,12.5
810,高级数据开发工程师,北京,2,25,40K,4,32.5
811,数据开发工程师,北京,2,13,17K,4,15
812,高级数据开发工程师,北京,2,20,35K,4,27.5
813,数据开发,北京,2,15,30K,2,22.5
814,资深数据开发工程师,北京,2,30,40K,7.5,35
815,高级数据开发工程师,北京,2,25,40K,4,32.5
816,高级数据开发工程师,北京,2,30,45K,7.5,37.5
817,数据开发高级工程师,北京,2,25,40K,4,32.5
818,数据开发工程师,北京,2,25,35K・15薪,4,30
819,AI数据开发工程师,北京,2,15,30K・13薪,4,22.5
820,数据开发,北京,2,13,18K,4,15.5
821,实时数据开发工程师,北京,2,18,28K,7.5,23
822,数据开发/数据仓库,北京,2,20,40K,4,30
823,数据开发,北京,2,8,16K,1,12
824,高级数据开发工程师――公共产品部(J13697),北京,2,25,35K・16薪,7.5,30
825,数据开发工程师/数据仓库,北京,2,25,50K,4,37.5
826,数据开发,北京,2,6,12K,2,9
827,数据开发工程师,北京,2,20,35K,2,27.5
828,数据开发,北京,3,20,40K,2,30
829,数据开发,北京,2,25,40K,4,32.5
830,数据开发工程师/专家,北京,2,30,60K,7.5,45
831,数据开发,北京,2,20,40K,2,30
832,资深数据开发工程师,北京,2,20,40K,4,30
833,数据开发工程师,北京,2,25,45K,4,35
834,GIS数据开发,北京,2,15,25K,4,20
835,数据开发工程师,北京,2,16,26K,4,21
836,数据开发,北京,2,20,30K,4,25
837,数据开发工程师,北京,2,7,12K,2,9.5
838,数据开发工程师,北京,2,15,30K,4,22.5
839,数据开发,北京,2,10,15K,4,12.5
840,数据开发工程师,北京,2,20,40K,4,30
841,数据开发,北京,2,12,18K・13薪,4,15
842,数据开发专家,北京,2,25,50K,2,37.5
843,数据开发,北京,2,15,25K,4,20
844,数据开发,北京,2,15,25K,7.5,20
845,数据开发,北京,2,16,20K,7.5,18
846,数据开发,北京,2,20,35K,4,27.5
847,数据开发工程师,北京,2,20,30K,4,25
848,数据开发工程师实时方向,北京,2,20,35K,4,27.5
849,数据开发工程师,北京,2,20,35K,2,27.5
850,数据开发,北京,2,20,35K,7.5,27.5
851,数据开发工程师,北京,2,20,40K,2,30
852,资深数据开发工程师\专家（BJ）,北京,2,30,50K,7.5,40
853,数据开发,北京,2,20,35K,7.5,27.5
854,数据开发工程师,北京,2,5,6K,1,5.5
855,数据开发工程师,北京,2,20,40K,4,30
856,数据开发工程师,北京,2,20,35K,4,27.5
857,数据开发工程师,北京,2,15,20K,4,17.5
858,数据开发,北京,2,15,30K,2,22.5
859,数据开发,北京,2,15,25K,7.5,20
860,医学数据开发及创新经理,北京,3,30,40K,7.5,35
861,数据开发架构师,北京,2,30,50K,7.5,40
862,数据开发工程师-国内专车事业部(J13703),北京,2,20,35K,7.5,27.5
863,数据开发与分析工程师,北京,2,20,40K,4,30
864,数据开发工程师,北京,2,10,15K,2,12.5
865,数据开发工程师,北京,2,20,40K,4,30
866,数据开发工程师,北京,2,20,40K,0,30
867,数据开发,北京,2,15,25K,2,20
868,数据开发,北京,2,20,40K,4,30
869,数据开发,北京,2,20,40K,4,30
870,数据开发工程师,北京,2,20,40K,4,30
871,数据开发,北京,2,20,30K,4,25
872,大数据数据开发/分析师（互联网）,北京,2,11,20K,4,15.5
873,BI 开发工程师（ERP）、数据开发,北京,1,10,15K,4,12.5
874,医学数据开发&创新经理,北京,3,25,50K,4,37.5
875,高级数据开发工程师,北京,2,25,40K,4,32.5
876,数据开发技术顾问,北京,2,6,12K,2,9
877,Python数据开发工程师,北京,2,15,30K,2,22.5
878,数据开发,北京,2,15,30K,2,22.5
879,高级数据开发工程师,北京,2,30,60K,4,45
880,数据开发高级工程师,北京,2,20,30K,7.5,25
881,数据开发,北京,2,30,60K,4,45
882,资深数据开发工程师,北京,2,35,50K,7.5,42.5
883,数据开发,北京,2,20,40K,7.5,30
884,数据开发工程师,北京,2,10,18K,4,14
885,数据开发工程师,北京,2,14,19K,2,16.5
886,数据开发工程师,北京,2,20,40K,4,30
887,高级数据开发,北京,2,20,30K,4,25
888,数据开发,北京,2,15,30K,2,22.5
889,高级数据开发工程师,北京,2,20,35K,4,27.5
890,数据开发工程师,北京,2,20,40K,4,30
891,数据开发,北京,2,15,25K,4,20
892,数据开发,北京,2,8,9K,2,8.5
893,数据开发,北京,2,7,9K,2,8
894,数据开发,北京,2,13,26K,4,19.5
895,高级数据开发工程师/专家 （北京＋杭州）,北京,2,25,40K,4,32.5
896,资深数据开发工程师,北京,2,25,50K,4,37.5
897,数据开发工程师,北京,2,15,25K,4,20
898,高级/资深数据开发工程师,北京,2,18,35K,2,26.5
899,数据开发工程师,北京,2,18,35K,2,26.5
900,高级数据开发工程师,北京,2,20,40K,4,30
901,数据开发,北京,2,25,45K,7.5,35
902,资深数据开发工程师\专家,北京,3,40,60K・15薪,7.5,50
903,数据开发,北京,3,15,30K,2,22.5
904,数据开发资深工程师,北京,3,30,60K,2,45
905,高级数据开发,北京,2,35,59K,4,47
906,Java（数据开发方向）,北京,2,15,30K,4,22.5
907,数据开发工程师,北京,2,20,40K,2,30
908,数据开发,北京,2,20,40K,4,30
909,数据开发工程师,北京,2,20,30K,2,25
910,数据开发工程师,北京,2,30,40K,2,35
911,数据开发工程师,北京,2,20,40K,4,30
912,资深数据开发工程师架构师,北京,2,20,40K,4,30
913,数据开发工程师,北京,2,15,25K,4,20
914,数据开发,北京,2,15,30K,4,22.5
915,数据开发实习生,北京,3,2,4K,1,3
916,数据开发工程师,北京,2,15,30K,2,22.5
917,数据开发数据挖掘工程师,北京,2,20,30K,2,25
918,数据开发,北京,2,15,30K,4,22.5
919,数据开发,北京,2,20,30K,1,25
920,数据开发工程师,北京,2,6,12K,2,9
921,数据开发工程师,北京,2,10,18K,4,14
922,数据开发,北京,2,20,25K,7.5,22.5
923,大数据开发工程师,北京,2,20,40K,4,30
924,数据开发,北京,2,10,17K,2,13.5
925,数据开发,北京,3,20,30K,4,25
926,数据开发,北京,2,20,40K,2,30
927,数据开发,北京,2,15,30K,2,22.5
928,数据开发,北京,2,25,50K,2,37.5
929,数据开发工程师,北京,2,20,40K,4,30
930,数据开发高级工程师/专家,北京,2,18,36K,2,27
931,数据开发,北京,3,20,40K,4,30
932,金融行业数据开发工程师,北京,2,10,20K,4,15
933,数据开发工程师,北京,3,20,40K,4,30
934,hadoop数据开发工程师,北京,2,15,30K,7.5,22.5
935,数据开发,北京,2,28,50K,2,39
936,数据开发,北京,2,12,20K,2,16
937,数据开发,北京,2,25,50K,2,37.5
938,数据开发工程师,北京,2,20,35K,4,27.5
939,数据开发,北京,2,20,40K,4,30
940,数据开发实习生,北京,2,5,7K,2,6
941,数据开发,北京,2,20,35K,4,27.5
942,数据开发,北京,2,15,25K,4,20
943,招聘数据开发工程师,北京,2,20,35K,4,27.5
944,资深数据开发工程师,北京,2,30,60K,4,45
945,数据开发,北京,3,25,50K,7.5,37.5
946,数据开发,北京,2,18,30K,4,24
947,数据开发高级工程师,北京,2,25,45K,7.5,35
948,数据开发,北京,1,15,25K,4,20
949,数据开发工程师,北京,2,20,40K,4,30
950,数据开发工程师,北京,2,20,40K,2,30
951,数据开发,北京,2,20,40K,4,30
952,数据开发工程师,北京,2,28,40K,4,34
953,数据开发,北京,3,24,37K,2,30.5
954,大数据ETL工程师,北京,2,15,30K,2,22.5
955,数据仓库架构师,北京,2,25,40K,4,32.5
956,大数据开发,北京,2,30,45K,7.5,37.5
957,大数据研发工程师/数据仓库工程师,北京,2,20,40K,4,30
958,大数据开发工程师,北京,2,20,40K,2,30
959,大数据架构师,北京,2,30,50K,7.5,40
960,数据平台工程师,北京,2,9,10K,2,9.5
961,大数据总监,北京,2,35,55K,10,45
962,大数据业务架构师,北京,2,18,30K,4,24
963,高级大数据开发工程师,北京,2,20,40K,7.5,30
964,招聘专员（研发岗位）,北京,2,6,10K,2,8
965,java工程师,北京,2,25,30K,10,27.5
966,医学数据统计师,北京,3,15,30K,4,22.5
967,Java后台开发（广告系统）,北京,2,20,40K・15薪,2,30
968,IT技术支持,北京,2,8,16K,2,12
969,资深大数据研发工程师,北京,3,25,35K・15薪,4,30
970,ETL工程师,北京,2,9,18K,2,13.5
971,数据开发工程师,北京,2,15,30K,4,22.5
972,数据开发工程师,北京,2,20,30K,4,25
973,数据开发工程师,北京,2,10,12K,4,11
974,数据开发工程师,北京,2,15,20K,4,17.5
975,数据开发,北京,2,15,25K,4,20
976,数据开发工程师,北京,2,15,25K,2,20
977,数据开发,北京,2,20,40K,4,30
978,数据开发,北京,2,15,30K,4,22.5
979,数据开发高级工程师/专家,北京,3,20,35K,2,27.5
980,数据开发,北京,2,12,24K,2,18
981,数据开发,北京,2,10,15K,2,12.5
982,数据开发,北京,2,18,36K,1,27
983,数据开发,北京,2,25,50K,4,37.5
984,Python数据开发工程师,北京,1,5,10K,2,7.5
985,数据开发,北京,2,12,20K,7.5,16
986,数据开发,北京,2,16,30K,7.5,23
987,hadoop/storm/spark数据开发工程师,北京,2,15,25K,2,20
988,数据开发工程师,北京,2,15,25K,2,20
989,数据开发,北京,3,25,35K,4,30
990,数据开发,北京,2,15,20K,7.5,17.5
991,数据开发工程师,北京,2,15,30K,2,22.5
992,Python开发（数据开发方向）,北京,2,10,15K,4,12.5
993,数据开发工程师（开源组件方向）,北京,2,25,50K,4,37.5
994,数据开发,北京,2,20,36K,2,28
995,数据开发,北京,2,20,40K,7.5,30
996,中级数据开发工程师,北京,2,8,13K,4,10.5
997,数据开发工程师（平台方向）,北京,2,30,45K,4,37.5
998,资深数据开发工程师,北京,2,30,40K,4,35
999,百家号业务部-大数据开发工程师,北京,2,15,25K,2,20
1000,数据产品经理,北京,2,25,35K,4,30
1001,数据产品经理,北京,2,20,30K,4,25
1002,数据架构师,北京,2,25,50K,1,37.5
1003,BI工程师,北京,2,25,50K,7.5,37.5
1004,数据研发工程师,北京,2,20,40K,2,30
1005,地图用户战略中心_数据评估工程师,北京,2,15,20K,2,17.5
1006,地图用户战略中心_用户体验评估工程师,北京,2,15,20K,4,17.5
1007,前端开发工程师,北京,2,25,50K,2,37.5
1008,Java开发工程师,北京,2,20,40K,2,30
1009,数据仓库高级工程师,北京,2,20,40K,2,30
1010,大数据开发,北京,2,3,4K,0,3.5
1011,数据分析师,北京,2,20,21K,1,20.5
1012,数据研发工程师,北京,2,15,30K,2,22.5
1013,数据仓库研发工程师,北京,2,15,25K,4,20
1014,数据仓库研发工程师,北京,2,15,25K,2,20
1015,数据仓库研发工程师,北京,2,15,25K,2,20
1016,大数据ETL工程师,北京,2,15,25K,4,20
1017,数据开发工程师,北京,2,6,11K,2,8.5
1018,GIS数据开发工程师,北京,2,25,40K,4,32.5
1019,数据开发工程师,北京,2,13,26K,4,19.5
1020,数据开发工程师,北京,3,15,16K,2,15.5
1021,高级数据开发工程师,北京,2,20,35K,4,27.5
1022,数据开发,北京,2,5,10K,2,7.5
1023,数据开发,北京,2,30,50K,4,40
1024,资深数据开发工程师,北京,2,25,30K,2,27.5
1025,阿里云-高级数据开发工程师/技术专家,北京,2,20,40K,4,30
1026,数据开发,北京,1,15,30K,4,22.5
1027,数据开发,北京,2,12,14K,1,13
1028,数据开发,北京,2,10,11K,1,10.5
1029,数据开发,北京,2,20,40K,7.5,30
1030,数据开发,北京,2,20,40K,7.5,30
1031,数据开发,北京,2,30,50K,2,40
1032,数据开发工程师,北京,2,12,20K,4,16
1033,数据开发,北京,2,20,35K,4,27.5
1034,数据开发,北京,2,9,13K,4,11
1035,商业数据开发,北京,2,15,25K,2,20
1036,数据开发工程师,北京,2,20,40K,4,30
1037,数据开发,北京,2,12,16K,4,14
1038,数据开发工程师,北京,2,20,40K,2,30
1039,数据开发工程师,北京,2,18,35K,7.5,26.5
1040,数据开发,北京,2,18,30K,4,24
1041,数据开发,北京,2,20,40K,2,30
1042,数据开发,北京,2,40,60K,4,50
1043,数据开发,北京,2,25,50K,7.5,37.5
1044,数据开发工程师,北京,2,20,40K,4,30
1045,数据开发／分析,北京,2,6,9K,2,7.5
1046,数据挖掘工程师,北京,2,20,40K,4,30
1047,数据挖掘,北京,2,10,15K,2,12.5
1048,数据挖掘,北京,2,12,24K,2,18
1049,数据挖掘工程师或专家,北京,3,30,60K,4,45
1050,数据挖掘经理,北京,2,30,50K,7.5,40
1051,数据挖掘工程师,北京,3,20,40K,2,30
1052,数据挖掘,北京,2,25,50K,2,37.5
1053,数据挖掘工程师,北京,2,30,60K,4,45
1054,数据挖掘,北京,2,20,40K,7.5,30
1055,数据挖掘,北京,2,20,28K,2,24
1056,数据挖掘工程师,北京,3,20,40K,4,30
1057,数据挖掘工程师,北京,3,25,40K,4,32.5
1058,数据挖掘工程师,北京,2,15,30K,4,22.5
1059,数据挖掘工程师,北京,2,20,30K・14薪,4,25
1060,数据挖掘工程师,北京,3,25,40K,4,32.5
1061,数据挖掘工程师,北京,2,20,30K,4,25
1062,资深数据挖掘工程师,北京,3,30,60K,4,45
1063,数据挖掘工程师,北京,2,30,50K,4,40
1064,机器学习/数据挖掘工程师,北京,2,20,40K,2,30
1065,数据挖掘工程师,北京,2,12,18K,2,15
1066,数据挖掘,北京,3,40,70K,7.5,55
1067,数据挖掘开发工程师,北京,2,20,40K,4,30
1068,数据挖掘工程师,北京,3,25,50K,4,37.5
1069,数据挖掘,北京,2,13,25K,0,19
1070,数据挖掘工程师,北京,2,18,36K,4,27
1071,数据挖掘专家,北京,2,25,40K,7.5,32.5
1072,数据挖掘工程师,北京,3,11,22K,2,16.5
1073,数据挖掘,北京,2,20,40K,4,30
1074,数据挖掘工程师,北京,2,20,40K・15薪,4,30
1075,数据挖掘算法科学家,北京,3,25,50K,4,37.5
1076,数据挖掘算法专家,北京,2,30,60K,4,45
1077,优酷-数据挖掘专家,北京,2,30,50K,7.5,40
1078,数据挖掘专家,北京,2,23,45K,2,34
1079,数据挖掘,北京,2,20,30K,4,25
1080,数据挖掘算法工程师,北京,2,30,60K,4,45
1081,数据挖掘工程师,北京,2,20,30K,7.5,25
1082,数据挖掘工程师,北京,3,20,40K,4,30
1083,数据挖掘工程师,北京,2,25,35K,4,30
1084,企鹅号数据挖掘-图像识别,北京,3,30,60K・16薪,7.5,45
1085,数据挖掘,北京,2,30,60K,7.5,45
1086,数据挖掘,北京,1,20,40K,7.5,30
1087,数据挖掘工程师,北京,2,6,12K,2,9
1088,数据挖掘,北京,2,35,50K,7.5,42.5
1089,数据挖掘工程师,北京,2,25,50K・16薪,4,37.5
1090,数据挖掘工程师,北京,3,20,40K,4,30
1091,数据挖掘工程师,北京,2,20,40K,2,30
1092,数据挖掘工程师,北京,2,20,40K,4,30
1093,数据挖掘工程师,北京,2,30,60K,4,45
1094,数据挖掘工程师,北京,2,20,40K,4,30
1095,数据挖掘工程师,北京,2,18,30K,2,24
1096,数据挖掘工程师,北京,2,17,30K,2,23.5
1097,网页搜索-数据挖掘研究员,北京,3,25,40K,4,32.5
1098,数据挖掘工程师,北京,2,30,60K,7.5,45
1099,数据挖掘专家,北京,3,30,35K,4,32.5
1100,数据挖掘工程师,北京,2,15,30K,4,22.5
1101,数据挖掘,北京,2,30,60K,2,45
1102,高级数据挖掘工程师,北京,2,25,50K,4,37.5
1103,数据挖掘研发专家/工程师,北京,2,25,50K,4,37.5
1104,高级数据挖掘工程师,北京,2,40,80K,4,60
1105,数据挖掘,北京,3,30,60K,2,45
1106,算法/数据挖掘工程师,北京,2,18,30K,4,24
1107,数据挖掘工程师,北京,2,20,40K,4,30
1108,数据挖掘工程师,北京,3,25,50K,2,37.5
1109,数据挖掘专家,北京,2,30,60K,7.5,45
1110,高级数据挖掘工程师,北京,3,25,30K・13薪,4,27.5
1111,数据挖掘算法工程师,北京,2,23,45K,2,34
1112,数据挖掘,北京,2,15,16K,2,15.5
1113,数据挖掘工程师,北京,2,20,40K,7.5,30
1114,数据挖掘,北京,2,20,35K,2,27.5
1115,数据挖掘工程师,北京,2,20,40K,2,30
1116,数据挖掘工程师,北京,2,18,30K・14薪,2,24
1117,数据挖掘,北京,2,20,40K,7.5,30
1118,数据挖掘工程师,北京,2,30,60K,4,45
1119,数据挖掘,北京,2,30,60K,4,45
1120,行为数据挖掘专家,北京,2,40,60K,4,50
1121,数据挖掘工程师,北京,2,7,14K,2,10.5
1122,数据挖掘工程师,北京,2,25,45K,4,35
1123,数据挖掘,北京,3,12,20K,2,16
1124,数据挖掘工程师,北京,2,30,50K,4,40
1125,数据挖掘工程师,北京,2,35,50K,7.5,42.5
1126,数据挖掘工程师,北京,2,20,40K,4,30
1128,数据挖掘,北京,2,10,20K,2,15
1129,数据挖掘,北京,2,20,40K,2,30
1130,数据挖掘专家,北京,2,20,40K,4,30
1131,数据挖掘工程师,北京,2,25,45K,7.5,35
1132,数据挖掘,北京,3,20,40K,4,30
1133,数据挖掘,北京,3,13,26K,1,19.5
1134,数据挖掘,北京,3,30,60K,4,45
1135,数据挖掘工程师,北京,2,20,35K・14薪,7.5,27.5
1136,数据挖掘架构师,北京,2,20,40K,7.5,30
1137,数据挖掘算法工程师,北京,3,20,40K・14薪,4,30
1138,算法工程师/数据挖掘专家,北京,2,35,50K,7.5,42.5
1139,搜狗问问-数据挖掘研究员,北京,3,25,40K,4,32.5
1140,资深数据挖掘工程师(用户模型）,北京,2,25,45K,4,35
1141,数据挖掘/机器学习工程师,北京,3,15,30K,4,22.5
1142,数据挖掘工程师,北京,3,30,50K,7.5,40
1143,数据挖掘工程师,北京,2,20,40K,2,30
1144,文本挖掘／数据挖掘／自然语言处理,北京,3,20,40K,2,30
1145,数据挖掘,北京,2,20,30K,1,25
1146,数据挖掘工程师,北京,2,20,40K,4,30
1147,数据挖掘工程师(北京）,北京,2,25,50K,7.5,37.5
1148,数据挖掘工程师,北京,2,30,40K,2,35
1149,广告数据挖掘工程师（机器学习）,北京,2,20,40K,7.5,30
1150,数据挖掘和算法工程师,北京,2,80,110K・14薪,4,95
1151,数据挖掘/机器学习工程师,北京,3,35,50K,7.5,42.5
1152,数据挖掘,北京,2,30,60K,2,45
1153,高级数据挖掘工程师,北京,2,18,36K,2,27
1154,数据挖掘,北京,2,20,40K,4,30
1155,数据挖掘,北京,2,40,70K・14薪,7.5,55
1156,数据挖掘分析师（机器学习）,北京,3,35,55K・14薪,7.5,45
1157,推荐系统数据挖掘工程师,北京,2,10,20K,4,15
1158,腾讯视频数据挖掘工程师,北京,2,22,44K,2,33
1159,高级数据挖掘及机器学习工程师,北京,2,25,50K,2,37.5
1160,数据挖掘工程师,北京,3,25,40K,4,32.5
1161,数据挖掘工程师,北京,3,20,40K,4,30
1162,数据挖掘工程师,北京,3,30,55K,4,42.5
1163,数据挖掘,北京,3,15,25K,2,20
1164,数据挖掘工程师,北京,2,20,40K,7.5,30
1165,数据挖掘工程师,北京,2,20,40K,4,30
1166,推荐算法工程师（数据挖掘）,北京,2,30,60K,4,45
1167,网页搜索-数据挖掘研究员,北京,3,25,40K,2,32.5
1168,信息流-数据挖掘研究员,北京,3,25,40K,4,32.5
1169,数据挖掘工程师,北京,2,7,12K,2,9.5
1170,腾讯视频数据挖掘高级工程师,北京,3,25,50K,2,37.5
1171,数据挖掘,北京,2,25,50K,7.5,37.5
1172,数据挖掘/模型开发工程师,北京,2,13,20K・14薪,2,16.5
1173,数据挖掘工程师／leader,北京,2,25,50K,4,37.5
1174,数据挖掘/机器学习高级算法工程师,北京,3,30,55K,4,42.5
1175,文本挖掘／数据挖掘／自然语言处理,北京,2,40,70K,4,55
1176,用户/位置大数据-数据挖掘工程师,北京,2,15,30K,4,22.5
1177,数据挖掘工程师,北京,2,15,30K,7.5,22.5
1178,信息流-数据挖掘研究员,北京,3,25,40K,2,32.5
1179,数据挖掘 工程师,北京,2,10,15K,2,12.5
1180,数据挖掘实习生,北京,2,6,10K,2,8
1181,微信推荐数据挖掘算法工程师,北京,3,30,60K,2,45
1182,数据挖掘工程师(北京）-偏工程,北京,2,25,50K,4,37.5
1183,数据挖掘,北京,2,15,30K,2,22.5
1184,数据挖掘资深研发工程师,北京,2,25,50K,4,37.5
1185,数据挖掘工程师,北京,3,11,22K,2,16.5
1186,搜狗机器翻译-数据挖掘研究员,北京,3,20,40K,4,30
1187,轨迹数据挖掘高级工程师,北京,3,15,30K,2,22.5
1188,数据挖掘 实习生,北京,2,4,8K,2,6
1189,数据挖掘工程师,北京,2,20,40K,4,30
1190,机器学习/数据挖掘工程师,北京,3,20,40K,4,30
1191,文本挖掘／数据挖掘／自然语言处理,北京,2,40,70K,7.5,55
1192,数据挖掘分析师,北京,3,13,16K,0,14.5
1193,22086-数据挖掘工程师,北京,3,23,45K,2,34
1194,数据挖掘,北京,2,8,15K,2,11.5
1195,数据挖掘,北京,2,15,30K,2,22.5
1196,高级数据挖掘工程师,北京,2,30,50K,7.5,40
1197,数据挖掘工程师,北京,2,30,60K,4,45
1198,数据挖掘,北京,3,25,50K,7.5,37.5
1199,高级数据挖掘工程师,北京,2,30,50K,4,40
1200,数据挖掘,北京,2,15,30K,4,22.5
1201,高级数据挖掘工程师,北京,2,30,60K,4,45
1202,情报数据挖掘专家,北京,2,30,60K,2,45
1203,数据挖掘,北京,2,20,35K,4,27.5
1204,数据挖掘工程师,北京,2,15,30K,4,22.5
1205,数据挖掘工程师,北京,2,15,30K,4,22.5
1206,数据工程师（数据挖掘方向）,北京,2,15,30K・14薪,4,22.5
1207,数据挖掘,北京,2,30,60K,7.5,45
1208,数据挖掘工程师,北京,2,20,40K・13薪,7.5,30
1209,数据挖掘工程师,北京,2,10,15K,2,12.5
1210,数据挖掘报告研究员,北京,2,10,15K,2,12.5
1211,数据/数据挖掘工程师,北京,2,20,35K,7.5,27.5
1212,python 数据挖掘开发工程师,北京,2,15,26K,2,20.5
1213,数据挖掘与分析实习生,北京,3,2,4K,2,3
1214,百度凤巢_机器学习/数据挖掘/NLP工程师,北京,2,20,40K,2,30
1215,百度凤巢_机器学习/数据挖掘高级工程师,北京,2,20,40K,2,30
1216,数据挖掘,北京,2,20,40K,4,30
1217,算法工程师/数据挖掘,北京,2,20,38K,4,29
1218,数据挖掘与分析工程师,北京,2,25,50K,4,37.5
1219,百度凤巢_机器学习/数据挖掘工程师,北京,3,20,40K,2,30
1220,资深数据挖掘工程师,北京,2,30,40K,4,35
1221,数据挖掘/机器学习/算法工程师,北京,2,20,40K,4,30
1222,数据挖掘/算法工程师,北京,2,20,40K,4,30
1223,数据挖掘研发工程师,北京,2,10,20K,2,15
1224,自然语言数据挖掘处理工程师,北京,2,30,40K,7.5,35
1225,高德-数据挖掘算法高级工程师/专家,北京,2,20,21K,4,20.5
1226,数据挖掘专家/资深工程师,北京,2,30,50K,2,40
1227,机器学习/数据挖掘实习生,北京,3,4,8K,0,6
1228,数据挖掘专家,北京,2,20,40K,4,30
1229,数据挖掘工程师,北京,2,25,35K,4,30
1230,数据挖掘,北京,2,10,15K,2,12.5
1231,数据挖掘,北京,2,25,50K,2,37.5
1232,数据挖掘,北京,2,15,25K,1,20
1233,数据挖掘,北京,2,25,40K,2,32.5
1234,数据挖掘实习生,北京,2,6,10K,1,8
1235,数据挖掘专家,北京,2,20,21K,2,20.5
1236,高级数据挖掘工程师,北京,2,18,36K,7.5,27
1237,数据挖掘工程师,北京,2,25,50K,4,37.5
1238,数据挖掘工程师(J10740),北京,2,25,30K,7.5,27.5
1239,中级数据挖掘工程师,北京,2,15,20K,4,17.5
1240,高级机器学习/数据挖掘工程师,北京,3,25,40K,4,32.5
1241,数据挖掘工程师,北京,2,15,30K,2,22.5
1242,数据挖掘,北京,2,40,60K,4,50
1243,数据挖掘工程师,北京,2,18,35K,2,26.5
1244,高级数据挖掘工程,北京,3,20,30K,4,25
1245,数据挖掘与建模工程师,北京,3,15,30K,2,22.5
1246,高级数据挖掘工程师,北京,2,25,45K,4,35
1247,数据挖掘工程师,北京,2,12,24K,2,18
1248,数据挖掘工程师,北京,2,26,40K,7.5,33
1249,数据挖掘工程师,北京,2,20,35K,4,27.5
1250,数据挖掘专家,北京,2,70,100K,7.5,85
1251,数据挖掘建模工程师,北京,2,20,40K,4,30
1252,数据挖掘工程师,北京,2,28,55K,4,41.5
1253,数据挖掘算法工程师,北京,2,15,25K,4,20
1254,数据挖掘与数据分析,北京,3,8,13K,2,10.5
1255,数据挖掘专家/科学家,北京,3,20,40K,4,30
1256,数据挖掘实习生,北京,3,5,6K,2,5.5
1257,数据挖掘工程师,北京,3,20,35K,2,27.5
1258,数据挖掘,北京,2,15,30K,4,22.5
1259,数据挖掘工程师?,北京,2,20,30K,4,25
1260,高级数据挖掘工程师,北京,2,30,60K,7.5,45
1261,数据挖掘工程师（实习）,北京,3,5,10K,2,7.5
1262,数据挖掘,北京,3,20,30K,2,25
1263,数据挖掘工程师（北京）,北京,2,30,60K,4,45
1264,数据挖掘工程师,北京,2,20,40K,4,30
1265,数据挖掘实习生,北京,2,4,6K,2,5
1266,数据挖掘工程师,北京,3,20,40K,2,30
1267,数据挖掘,北京,3,30,60K,7.5,45
1268,百度地图_机器学习/数据挖掘工程师_语音,北京,2,18,30K,2,24
1269,阿里云智能事业群-高级数据挖掘工程师,北京,2,30,60K,7.5,45
1270,百度凤巢_机器学习/数据挖掘高级工程师,北京,3,20,40K,4,30
1271,数据分析师（数据挖掘方向）,北京,1,10,15K,2,12.5
1272,数据挖掘及推荐算法工程师,北京,1,25,40K,4,32.5
1273,数据挖掘实习生,北京,2,5,6K,0,5.5
1274,数据挖掘工程师,北京,2,15,25K,2,20
1275,NLP高级算法工程师-文本数据挖掘,北京,3,25,50K・16薪,4,37.5
1276,腾讯社交广告反作弊数据挖掘工程师（北京）,北京,2,25,50K,4,37.5
1277,数据挖掘实习生,北京,2,5,10K,2,7.5
1278,高级/资深数据挖掘工程师―大数据应用,北京,2,25,50K,2,37.5
1279,数据挖掘算法高级工程师/专家,北京,2,25,47K,2,36
1280,数据挖掘算法工程师,北京,1,12,19K,2,15.5
1281,数据挖掘,北京,3,15,20K,4,17.5
1282,数据挖掘工程师-基础机器学习方向,北京,2,20,40K,4,30
1283,高级数据挖掘工程师(地图方向),北京,3,25,50K・13薪,2,37.5
1284,算法和数据挖掘工程师,北京,2,10,15K,4,12.5
1285,百度APP技术平台部_数据挖掘高级工程师,北京,2,15,30K,2,22.5
1286,资深数据挖掘工程师-北京,北京,2,20,40K,4,30
1287,数据挖掘算法工程师,北京,2,20,35K,4,27.5
1288,技术专家/高级数据挖掘工程师-杭州&北京,北京,2,40,60K,4,50
1289,资深数据挖掘算法工程师,北京,2,30,60K,7.5,45
1290,阿里云-高级数据挖掘工程师/技术专家,北京,2,20,40K,4,30
1291,百度商业基础平台部数据挖掘工程师,北京,2,15,30K,2,22.5
1292,数据挖掘,北京,2,15,30K,4,22.5
1293,用户行为研究部_数据挖掘与分析工程师,北京,2,15,25K,2,20
1294,高级数据挖掘/机器学习工程师,北京,3,20,40K,2,30
1295,用户数据分析/数据挖掘工程师,北京,2,3,4K,0,3.5
1296,广告数据挖掘,北京,2,20,40K,4,30
1297,数据挖掘算法工程师/专家,北京,2,35,50K,2,42.5
1298,数据挖掘外包实习生,北京,2,4,5K,1,4.5
1299,高级数据挖掘工程师,北京,2,28,29K,2,28.5
1300,数据挖掘实习生,北京,2,4,6K,1,5
1301,机器学习/数据挖掘/NLP专家,北京,3,20,40K,4,30
1302,数据挖掘工程师 （机器学习方向）,北京,2,15,25K,2,20
1303,数据挖掘RD,北京,2,20,30K,1,25
1304,机器学习/数据挖掘/NLP专家,北京,3,20,40K,4,30
1305,数据挖掘高级研发工程师,北京,2,18,36K,4,27
1306,数据挖掘专家,北京,2,38,70K,7.5,54
1307,数据挖掘,北京,3,23,40K,4,31.5
1308,IoT行业云智能交通数据挖掘高级工程师,北京,2,15,30K,4,22.5
1309,高级数据挖掘算法工程师,北京,2,20,40K,2,30
1310,数据挖掘研究员,北京,3,15,30K,2,22.5
1311,数据挖掘师,北京,2,30,35K,2,32.5
1312,数据挖掘工程师,北京,2,20,35K,2,27.5
1313,高级数据挖掘工程师,北京,2,20,40K,2,30
1314,数据挖掘工程师,北京,2,15,16K,2,15.5
1315,资深数据挖掘工程师（北京总部）,北京,2,50,65K,7.5,57.5
1316,数据挖掘,北京,2,19,35K,2,27
1317,数据挖掘工程师/算法,北京,2,18,35K,2,26.5
1318,数据挖掘工程师（关系网络）,北京,2,20,35K,2,27.5
1319,数据挖掘工程师,北京,2,15,30K,2,22.5
1320,数据挖掘实习生,北京,3,5,6K,1,5.5
1321,高级数据挖掘工程师(用户分析方向),北京,3,22,40K,2,31
1322,数据挖掘架构师（统计机器学习方向）,北京,2,30,60K,4,45
1323,数据挖掘工程师（风控方向）,北京,2,20,35K,2,27.5
1324,数据挖掘工程师,北京,2,10,18K,2,14
1325,反作弊数据挖掘高级专家,北京,2,30,45K,7.5,37.5
1326,数据挖掘,北京,3,18,27K,2,22.5
1327,高级数据挖掘工程师,北京,2,15,30K,4,22.5
1328,高级数据挖掘工程师,北京,2,40,80K,4,60
1329,数据挖掘,北京,3,10,20K,2,15
1330,数据挖掘,北京,3,45,80K,7.5,62.5
1331,数据挖掘工程师,北京,2,35,50K,4,42.5
1332,数据挖掘,北京,2,30,50K,4,40
1333,数据挖掘工程师,北京,2,20,40K,2,30
1334,数据挖掘,北京,3,6,12K,1,9
1335,数据挖掘实习生,北京,2,4,5K,2,4.5
1336,数据挖掘工程师,北京,2,20,30K,2,25
1337,数据挖掘,北京,2,10,16K,2,13
1338,数据挖掘,北京,2,15,30K,2,22.5
1339,数据挖掘工程师,北京,2,25,45K,4,35
1340,数据挖掘工程师,北京,3,20,40K,4,30
1341,数据挖掘专家,北京,3,30,50K,7.5,40
1342,数据挖掘,北京,2,20,35K,4,27.5
1343,高德-数据挖掘/算法/机器学习高级工程师,北京,2,25,50K,4,37.5
1344,【实习】NLP文本数据挖掘实习生,北京,3,4,6K,2,5
1345,数据分析数据挖掘实习生,北京,2,4,5K,0,4.5
1346,运营中心-数据分析师,北京,2,10,20K,4,15
1347,数据分析师,北京,2,12,24K,2,18
1348,数据分析专家,北京,2,35,65K,7.5,50
1349,数据分析,北京,2,20,30K,4,25
1350,数据分析专员,北京,2,8,10K,2,9
1351,数据分析负责人,北京,2,25,45K,7.5,35
1352,数据分析师,北京,2,16,30K,4,23
1353,数据分析师,北京,2,15,25K,4,20
1354,数据分析师,北京,2,20,35K,4,27.5
1355,数据分析师,北京,2,20,30K・13薪,4,25
1356,数据分析师助理,北京,3,8,16K,0,12
1357,数据分析师,北京,2,20,40K,4,30
1358,数据分析,北京,2,20,40K,7.5,30
1359,数据分析师,北京,2,20,30K,1,25
1360,数据分析专员,北京,2,6,8K,2,7
1361,数据分析工程师,北京,2,15,20K,2,17.5
1362,数据分析师,北京,2,10,15K,2,12.5
1363,数据分析,北京,2,4,6K,2,5
1364,数据分析师,北京,2,12,20K,4,16
1365,数据分析专家,北京,2,30,60K,7.5,45
1366,数据分析专家,北京,2,15,30K,4,22.5
1367,高级数据分析师,北京,3,25,30K,4,27.5
1368,商品数据分析管理,北京,2,8,10K,2,9
1369,数据分析师,北京,2,35,65K,7.5,50
1370,数据分析师,北京,2,11,22K,7.5,16.5
1371,数据分析师,北京,2,10,20K,4,15
1372,数据分析师,北京,2,15,30K,4,22.5
1373,数据分析,北京,2,8,16K,4,12
1374,数据分析师,北京,2,15,20K,2,17.5
1375,数据分析师,北京,2,20,40K,7.5,30
1376,数据分析专家,北京,2,15,30K,7.5,22.5
1377,数据分析师,北京,2,15,30K,4,22.5
1378,数据分析工程师,北京,2,20,40K,4,30
1379,数据分析师,北京,2,15,30K・15薪,7.5,22.5
1380,数据分析师,北京,2,11,16K,4,13.5
1381,数据分析师,北京,1,10,15K,2,12.5
1382,数据分析师,北京,2,30,40K,2,35
1383,数据分析师,北京,2,10,20K,1,15
1384,高级数据分析经理,北京,2,25,45K,4,35
1385,增长数据分析岗,北京,2,25,40K,4,32.5
1386,数据分析师,北京,2,20,30K,7.5,25
1387,数据分析,北京,2,6,9K,2,7.5
1388,数据分析师,北京,2,30,40K,4,35
1389,数据分析师,北京,2,15,30K,2,22.5
1390,数据分析师,北京,2,20,40K,7.5,30
1391,数据分析师,北京,2,15,30K,4,22.5
1392,数据分析师,北京,2,18,35K,4,26.5
1393,数据分析专家,北京,2,25,50K,7.5,37.5
1394,BI数据分析师,北京,2,20,30K・15薪,7.5,25
1395,数据分析师,北京,2,10,15K,2,12.5
1396,高级数据分析师,北京,2,25,40K,10,32.5
1397,数据分析师（用研）,北京,2,15,30K,2,22.5
1398,数据分析工程师,北京,2,15,30K,4,22.5
1399,数据分析师,北京,2,25,30K,4,27.5
1400,数据分析师,北京,2,14,28K,4,21
1401,游戏数据分析,北京,2,15,30K,4,22.5
1402,数据分析师,北京,2,15,20K,10,17.5
1403,数据分析,北京,1,10,15K,4,12.5
1404,BI数据分析师,北京,2,15,30K,2,22.5
1405,数据分析师,北京,2,15,30K,2,22.5
1406,咨询顾问-数据分析方向,北京,2,15,25K,2,20
1407,数据分析师,北京,2,20,40K,7.5,30
1408,数据分析师,北京,2,30,60K,7.5,45
1409,数据分析,北京,2,15,25K,4,20
1410,数据分析,北京,2,18,25K・16薪,2,21.5
1411,数据分析师02,北京,2,20,40K,4,30
1412,数据分析师,北京,2,20,40K・16薪,4,30
1413,数据分析经理,北京,1,11,20K,4,15.5
1414,数据分析师,北京,2,25,45K,4,35
1415,数据分析,北京,2,3,4K,0,3.5
1416,数据分析师,北京,2,25,45K,1,35
1417,高级数据分析师,北京,2,25,35K,7.5,30
1418,数据分析,北京,2,20,40K,2,30
1419,数据分析师,北京,2,20,40K,4,30
1420,数据分析师,北京,2,9,14K,4,11.5
1421,数据分析师,北京,3,18,25K,4,21.5
1422,数据分析经理（业务方向）,北京,2,15,30K,7.5,22.5
1423,数据分析师,北京,2,20,40K,7.5,30
1424,数据分析师,北京,2,20,35K,4,27.5
1425,数据分析师,北京,2,15,19K,7.5,17
1426,高级数据分析,北京,2,20,40K,4,30
1427,数据分析经理,北京,1,12,24K,2,18
1428,数据分析主管,北京,2,7,14K,4,10.5
1429,数据分析,北京,2,20,40K,4,30
1430,数据分析师,北京,2,10,15K,4,12.5
1431,数据分析总监,北京,2,25,50K,7.5,37.5
1432,数据分析师,北京,2,10,15K,2,12.5
1433,数据分析师,北京,2,8,13K,7.5,10.5
1434,数据分析经理,北京,2,20,35K,7.5,27.5
1435,数据分析师,北京,2,12,24K,4,18
1436,数据分析师,北京,2,30,45K,7.5,37.5
1437,数据分析工程师（python）,北京,2,11,20K,4,15.5
1438,数据分析师,北京,2,15,30K,4,22.5
1439,数据分析,北京,2,20,30K,7.5,25
1440,数据分析师,北京,3,15,30K,4,22.5
1441,数据分析高经/专家,北京,2,20,40K,7.5,30
1442,数据分析师,北京,2,15,30K,2,22.5
1443,数据分析师,北京,2,11,20K,4,15.5
1444,数据分析师,北京,3,10,15K,2,12.5
1445,游戏数据分析,北京,2,15,25K・14薪,2,20
1446,数据分析,北京,2,13,18K,2,15.5
1447,数据分析师,北京,2,15,20K・13薪,4,17.5
1448,高级数据分析师,北京,2,18,35K,4,26.5
1449,数据分析-DS快捷拼车,北京,2,25,30K,4,27.5
1450,数据分析师,北京,3,15,25K,4,20
1451,数据分析师,北京,2,20,40K,4,30
1452,数据分析师,北京,2,12,18K,2,15
1453,数据分析师,北京,2,15,30K,2,22.5
1454,数据分析师(统计学方向),北京,3,10,20K,2,15
1455,资深数据分析师,北京,2,15,30K,4,22.5
1456,高级数据分析师,北京,2,25,30K,7.5,27.5
1457,数据分析师,北京,2,15,20K,4,17.5
1458,数据分析师,北京,2,9,14K,2,11.5
1459,数据分析工程师,北京,3,15,30K,4,22.5
1460,数据分析专家,北京,2,25,35K,4,30
1461,数据分析师,北京,2,2,4K,0,3
1462,数据分析师-JS,北京,2,15,30K,4,22.5
1463,高级数据分析师,北京,2,25,40K,7.5,32.5
1464,数据分析师,北京,2,15,30K・13薪,4,22.5
1465,资深数据分析师,北京,2,25,40K,4,32.5
1466,数据分析师,北京,2,10,20K,7.5,15
1467,韩语数据分析,北京,2,5,6K,0,5.5
1468,数据分析师,北京,2,15,20K,2,17.5
1469,高级数据分析师,北京,3,25,50K・14薪,7.5,37.5
1470,数据分析师,北京,2,15,20K,4,17.5
1471,数据分析软件工程师,北京,2,16,32K,2,24
1472,数据分析专家,北京,2,25,50K・14薪,7.5,37.5
1473,策略数据分析师,北京,2,20,25K,4,22.5
1474,数据分析师,北京,2,15,30K・14薪,2,22.5
1475,数据分析师（增长方向）,北京,2,25,30K,4,27.5
1476,数据分析师,北京,2,15,25K・14薪,4,20
1477,数据分析师,北京,1,8,13K,1,10.5
1478,数据分析师,北京,2,10,16K,2,13
1479,高阶数据分析师,北京,2,35,55K,7.5,45
1480,数据分析专家,北京,2,30,60K,7.5,45
1481,数据分析师,北京,2,15,30K,7.5,22.5
1483,数据分析工程师,北京,2,26,30K,4,28
1484,数据分析师,北京,2,15,25K,7.5,20
1485,高级数据分析师,北京,2,20,40K,7.5,30
1486,高级数据分析师,北京,2,15,25K,4,20
1487,高级数据分析师,北京,2,25,45K,7.5,35
1488,数据分析师,北京,2,10,15K,2,12.5
1489,数据分析高级经理/总监,北京,2,25,50K・15薪,4,37.5
1490,移动数据分析工程师,北京,2,10,20K,4,15
1491,用户数据分析师,北京,3,15,25K,7.5,20
1492,数据分析师,北京,1,6,9K,1,7.5
1493,数据分析师,北京,2,20,40K・14薪,4,30
1494,数据分析师,北京,2,25,50K,4,37.5
1495,数据分析师,北京,2,15,22K,4,18.5
1496,数据分析师,北京,2,25,35K,7.5,30
1497,运营数据分析,北京,2,12,20K,7.5,16
1498,数据分析师,北京,2,10,11K,4,10.5
1499,BI数据分析与研发专家,北京,2,35,60K,7.5,47.5
1500,数据分析,北京,1,4,6K,2,5
1501,资深数据分析师,北京,2,25,45K,4,35
1502,数据分析师,北京,2,7,10K,2,8.5
1503,数据分析BI,北京,2,45,75K,4,60
1504,数据分析师,北京,2,11,20K,4,15.5
1505,数据分析师,北京,2,18,36K,4,27
1506,高级数据分析经理,北京,2,25,50K,7.5,37.5
1507,游戏数据分析师,北京,2,15,30K,2,22.5
1508,数据分析师（风控）,北京,2,25,30K,7.5,27.5
1509,数据分析经理,北京,2,18,35K,7.5,26.5
1510,安全数据分析工程师,北京,1,20,30K,7.5,25
1511,数据分析师,北京,2,20,30K,4,25
1512,数据分析师,北京,2,15,25K・13薪,2,20
1513,数据分析师,北京,3,20,30K,2,25
1514,数据分析师,北京,2,30,60K,1,45
1515,数据分析师,北京,2,12,20K・14薪,4,16
1516,高级数据分析师,北京,2,20,35K,4,27.5
1517,数据分析师,北京,2,10,18K,2,14
1518,数据分析师,北京,2,20,40K,7.5,30
1519,数据分析工程师（建模方向）,北京,3,20,40K,4,30
1520,数据分析师,北京,2,15,30K,4,22.5
1521,数据分析师,北京,2,8,10K,2,9
1522,数据分析与精算师,北京,2,10,15K,2,12.5
1523,数据分析师,北京,2,16,26K,2,21
1524,数据分析师,北京,2,15,30K,7.5,22.5
1525,高级数据分析师 (MJ000277),北京,2,25,40K,2,32.5
1526,数据分析师,北京,2,20,35K,7.5,27.5
1527,数据分析师,北京,2,7,10K,2,8.5
1528,数据分析,北京,2,5,10K・13薪,2,7.5
1529,商业数据分析师,北京,2,20,30K,4,25
1530,Python 数据分析/人工智能讲师,北京,1,18,35K,7.5,26.5
1531,数据分析师,北京,1,10,15K,4,12.5
1532,数据分析师,北京,2,10,18K,4,14
1533,产品经理（数据分析）,北京,2,18,30K,2,24
1534,数据分析师,北京,2,20,35K・14薪,7.5,27.5
1535,数据分析经理（互联网金融）,北京,2,15,30K,7.5,22.5
1536,数据分析师,北京,2,10,20K,2,15
1537,高德-数据分析产品专家,北京,2,20,40K,7.5,30
1538,高级数据分析师,北京,2,20,40K,4,30
1539,数据分析师,北京,2,10,15K,1,12.5
1540,小度云平台-数据分析工程师,北京,2,15,30K,7.5,22.5
1541,数据分析师,北京,2,18,30K,2,24
1542,数据分析师,北京,2,10,15K,2,12.5
1543,数据分析专家(英文区),北京,2,25,35K,4,30
1544,商业营销-高级数据分析师,北京,2,15,30K,4,22.5
1545,数据分析师,北京,2,6,10K,2,8
1546,服装商品数据分析,北京,1,6,8K,4,7
1547,数据分析师,北京,2,20,30K,4,25
1548,数据分析专员,北京,2,6,9K,1,7.5
1549,数据分析,北京,2,10,15K,4,12.5
1550,数据分析,北京,1,15,25K,2,20
1551,数据分析师,北京,3,15,22K,4,18.5
1552,产品/数据分析师,北京,2,20,40K,4,30
1553,数据分析,北京,2,20,35K,7.5,27.5
1554,数据分析师,北京,2,8,16K,2,12
1555,数据分析师,北京,2,15,30K,4,22.5
1556,高级数据分析师,北京,2,15,25K,4,20
1557,高级咨询师（数据分析）,北京,2,30,55K,4,42.5
1558,数据分析经理,北京,2,18,35K,7.5,26.5
1559,数据分析师,北京,2,25,50K,4,37.5
1560,数据分析师（BOSS直聘）,北京,2,20,40K,4,30
1561,数据分析师,北京,3,12,24K,4,18
1562,数据分析工程师,北京,2,20,30K,4,25
1563,营销数据分析,北京,2,8,10K,4,9
1564,资深数据分析师,北京,2,25,40K,4,32.5
1565,数据分析工程师,北京,3,20,40K,4,30
1566,数据分析师,北京,2,6,12K,2,9
1567,数据分析实习生,北京,2,2,4K,2,3
1568,数据分析架构师,北京,2,40,60K,7.5,50
1569,数据分析师,北京,2,9,12K,4,10.5
1570,数据分析师,北京,3,6,10K,2,8
1571,数据分析师（偏运营）,北京,2,15,30K,2,22.5
1572,数据分析师,北京,1,20,40K,2,30
1573,数据分析师,北京,2,15,30K,2,22.5
1574,高级数据分析师,北京,2,7,12K,4,9.5
1575,数据分析经理,北京,2,30,40K,7.5,35
1576,高级数据分析师,北京,2,13,25K,4,19
1577,数据分析师,北京,2,9,18K,2,13.5
1578,数据研发与数据分析专家,北京,2,25,50K,4,37.5
1579,数据分析师,北京,2,6,10K,2,8
1580,数据分析实习生,北京,2,3,4K,2,3.5
1581,空气监测数据分析师,北京,3,8,13K,2,10.5
1582,数据分析经理,北京,2,20,30K,7.5,25
1583,数据分析实习生,北京,2,4,6K,0,5
1584,数据分析师,北京,2,30,35K,7.5,32.5
1585,商业数据分析经理,北京,3,30,60K,7.5,45
1586,数据分析助理,北京,2,5,6K,1,5.5
1587,数据分析专家/负责人,北京,2,30,60K,7.5,45
1588,数据分析师,北京,2,7,10K,2,8.5
1589,商业数据分析师,北京,2,20,40K,7.5,30
1590,数据分析,北京,2,20,30K・14薪,7.5,25
1591,高级/资深数据分析师,北京,2,25,50K,4,37.5
1592,数据分析师,北京,2,11,18K,2,14.5
1593,BI数据分析师,北京,2,20,40K,7.5,30
1594,数据分析师,北京,2,12,20K,7.5,16
1595,数据分析师,北京,2,15,30K・15薪,4,22.5
1596,数据分析经理,北京,2,20,35K,7.5,27.5
1597,高级数据分析师,北京,3,30,60K・16薪,2,45
1598,高级数据分析师,北京,3,8,16K,2,12
1599,数据分析师,北京,2,6,10K,2,8
1600,高级数据分析师,北京,2,16,32K・13薪,4,24
1601,数据分析,北京,2,8,12K,4,10
1602,高级数据分析师,北京,2,15,30K,4,22.5
1603,数据分析师,北京,2,20,30K,4,25
1604,BI数据分析工程师,北京,2,20,21K,4,20.5
1605,数据产品经理_数据分析方向,北京,2,10,20K,2,15
1606,数据分析师（算法）,北京,3,25,40K,4,32.5
1607,数据分析师,北京,2,15,25K,2,20
1608,数据分析师,北京,2,15,25K,4,20
1609,数据分析专员,北京,2,5,7K,2,6
1610,高级数据分析工程师,北京,3,25,50K,4,37.5
1611,商业数据分析师,北京,2,25,45K・14薪,4,35
1612,数据分析师,北京,2,4,6K,0,5
1613,数据分析师,北京,2,15,30K,4,22.5
1614,数据分析员,北京,2,8,10K,2,9
1615,数据分析师,北京,2,25,50K,7.5,37.5
1616,数据分析师,北京,3,15,25K,4,20
1617,高级数据分析,北京,2,15,25K,4,20
1618,数据分析师,北京,2,15,30K,4,22.5
1619,GIS数据分析师,北京,2,6,10K,2,8
1620,数据分析师,北京,2,20,40K,2,30
1621,数据分析师,北京,2,20,30K・14薪,2,25
1622,数据分析师,北京,2,20,40K,1,30
1623,卫星、气象数据分析师,北京,2,10,20K,4,15
1624,数据分析师 （产品方向）,北京,2,15,25K,2,20
1625,高级数据分析师,北京,2,28,40K,7.5,34
1626,数据分析主管,北京,2,6,8K,2,7
1627,高级数据分析师,北京,2,20,40K,4,30
1628,数据分析师,北京,2,20,35K,4,27.5
1629,数据分析师,北京,2,20,30K,2,25
1630,数据分析师,北京,3,12,22K,2,17
1631,高级数据分析师,北京,2,25,40K,4,32.5
1632,数据分析师,北京,2,15,25K,2,20
1633,数据分析师,北京,2,12,24K,1,18
1634,高级数据分析师,北京,2,18,35K,7.5,26.5
1635,数据分析师,北京,2,11,20K・13薪,2,15.5
1636,高级数据分析师,北京,2,20,40K,4,30
1637,中高级数据分析师,北京,2,15,20K,2,17.5
1638,产品经理（数据分析）,北京,2,20,40K,7.5,30
1639,数据分析师,北京,2,20,21K,4,20.5
1640,数据分析师,北京,2,15,20K・14薪,4,17.5
1641,数据分析师,北京,2,20,40K,2,30
1642,数据分析师,北京,2,25,40K,4,32.5
1643,数据分析师,北京,2,10,15K,4,12.5
1644,数据分析师,北京,2,15,30K,2,22.5
1645,数据分析经理,北京,1,15,30K,7.5,22.5
1646,数据架构师,北京,2,20,25K,1,22.5
1647,数据架构师,北京,2,30,60K,4,45
1648,数据架构师,北京,2,25,50K,4,37.5
1649,数据架构师,北京,2,30,50K,7.5,40
1650,数据架构师,北京,2,35,60K,7.5,47.5
1651,数据架构师,北京,2,35,70K,7.5,52.5
1652,数据架构师,北京,2,28,40K,10,34
1653,数据架构师,北京,2,50,100K,7.5,75
1654,数据架构师,北京,2,30,60K,7.5,45
1655,数据架构师,北京,2,25,50K,7.5,37.5
1656,数据架构师（基础架构部）,北京,2,40,41K,7.5,40.5
1657,数据架构师,北京,2,35,70K,7.5,52.5
1658,数据架构师,北京,2,25,50K,2,37.5
1659,数据架构师,北京,2,30,40K,7.5,35
1660,数据架构师,北京,2,23,45K,2,34
1661,高级数据开发工程师,北京,2,30,45K,7.5,37.5
1662,数据架构师,北京,2,30,60K,10,45
1663,数据架构师,北京,2,30,60K,4,45
1664,数据架构师,北京,2,30,50K,7.5,40
1665,数据架构师,北京,2,15,30K,2,22.5
1666,数据架构师,北京,2,15,30K,4,22.5
1667,数据架构师,北京,2,20,30K,4,25
1668,数据架构师,北京,2,10,20K,2,15
1669,数据架构师,北京,2,28,50K,4,39
1670,数据架构师,北京,2,20,40K,2,30
1671,数据架构师,北京,2,50,70K,7.5,60
1672,数据架构师,北京,2,18,25K,4,21.5
1673,数据架构师,北京,3,15,16K,2,15.5
1674,数据架构师,北京,2,40,80K,7.5,60
1675,数据架构师,北京,2,25,50K,4,37.5
1676,数据架构师,北京,2,25,45K,7.5,35
1677,数据架构师,北京,2,25,48K,7.5,36.5
1678,数据架构师,北京,2,30,50K,4,40
1679,数据架构师,北京,2,30,50K,2,40
1680,数据架构师,北京,2,30,60K,7.5,45
1681,数据架构师,北京,2,20,36K,7.5,28
1682,数据架构师,北京,2,30,60K,4,45
1683,数据架构师,北京,2,40,60K,7.5,50
1684,数据架构师,北京,2,20,40K,4,30
1685,数据架构师,北京,2,30,50K,4,40
1686,数据架构师,北京,3,15,30K,4,22.5
1687,数据架构师,北京,2,30,60K,7.5,45
1688,数据架构师（BJ）,北京,2,25,50K,4,37.5
1689,数据架构师,北京,2,25,50K,4,37.5
1690,数据架构师,北京,2,28,45K,7.5,36.5
1691,数据架构师,北京,3,20,35K,4,27.5
1692,数据架构师,北京,2,15,30K,4,22.5
1693,数据架构师,北京,2,10,20K,4,15
1694,数据架构师,北京,2,30,50K,4,40
1695,数据架构师,北京,2,25,50K,1,37.5
1696,数据架构师,北京,2,12,20K,4,16
1697,数据架构师,北京,2,20,35K,7.5,27.5
1698,数据架构师/大数据负责人,北京,2,35,50K,7.5,42.5
1699,数据架构师,北京,2,25,50K,7.5,37.5
1700,数据架构师,北京,2,10,20K,4,15
1701,数据架构师,北京,3,25,50K,4,37.5
1702,数据架构师,北京,2,20,30K,4,25
1703,数据架构师,北京,2,80,100K,7.5,90
1704,数据架构师,北京,2,10,15K,7.5,12.5
1705,数据架构师,北京,2,20,40K,1,30
1706,数据架构师,北京,2,20,40K,7.5,30
1707,数据架构师,北京,2,25,40K,4,32.5
1708,数据架构师,北京,2,25,40K,7.5,32.5
1709,数据架构师,北京,2,30,50K,7.5,40
1710,数据架构师,北京,2,20,40K,7.5,30
1711,数据架构师,北京,2,25,50K,7.5,37.5
1712,数据架构师,北京,1,25,40K,4,32.5
1713,数据架构师,北京,2,40,70K・15薪,10,55
1714,数据架构师,北京,2,40,70K,7.5,55
1715,数据架构师,北京,2,35,50K,4,42.5
1716,数据架构师,北京,2,30,45K,7.5,37.5
1717,数据架构师,北京,2,30,55K,7.5,42.5
1718,数据架构师,北京,2,35,60K,4,47.5
1719,数据架构师,北京,2,35,65K,7.5,50
1720,数据架构师,北京,2,15,20K,7.5,17.5
1721,数据架构师,北京,2,30,50K,7.5,40
1722,推荐算法研究员,北京,2,40,70K・15薪,7.5,55
1723,算法研究员,北京,3,20,40K,1,30
1724,算法研究员,北京,4,25,40K,0,32.5
1725,算法研究员,北京,3,30,55K,4,42.5
1726,算法研究总监,北京,4,70,100K,7.5,85
1727,算法研究员,北京,2,25,45K,2,35
1728,商业搜索广告算法研究员,北京,3,25,50K,4,37.5
1729,算法研究员,北京,3,30,60K・15薪,4,45
1730,高级算法研究员,北京,2,30,50K,4,40
1731,深度学习算法研究员,北京,3,20,40K,2,30
1732,算法工程师/算法研究员,北京,2,25,40K,2,32.5
1733,高级算法研究员,北京,3,30,50K,4,40
1734,算法研究员,北京,2,30,50K,4,40
1735,算法研究员,北京,4,50,80K,4,65
1736,算法研究员,北京,3,20,30K,7.5,25
1737,算法研究员（安全中心）,北京,2,20,40K,4,30
1738,计算机视觉算法研究员,北京,3,25,50K,2,37.5
1739,商业搜索-广告算法研究员,北京,3,30,50K,2,40
1740,算法研究员,北京,3,30,60K,4,45
1741,算法研究员,北京,2,25,35K,2,30
1742,推荐算法工程师（算法研究员）,北京,2,30,60K,4,45
1743,算法研究员,北京,2,70,100K・13薪,1,85
1744,算法研究员,北京,3,15,25K,2,20
1745,推荐算法研究员,北京,2,15,30K,4,22.5
1746,算法研究员,北京,3,20,40K,1,30
1747,知识图谱算法高级研究员,北京,2,30,50K,7.5,40
1748,推荐算法高级研究员,北京,3,50,80K,2,65
1749,图像算法研究员,北京,3,30,60K・13薪,2,45
1750,知识图谱算法研究员,北京,2,25,50K,2,37.5
1751,推荐算法研究员,北京,3,20,40K,2,30
1752,NLP算法研究员,北京,3,30,60K・13薪,2,45
1753,算法研究员,北京,2,20,40K,2,30
1754,推荐算法研究员,北京,3,20,40K,2,30
1755,图像算法研究员,北京,3,30,60K・13薪,2,45
1756,算法研究员,北京,3,30,60K,4,45
1757,算法研究员,北京,2,9,10K,4,9.5
1758,NLP算法研究员,北京,2,12,24K,2,18
1759,算法研究员,北京,2,20,40K,7.5,30
1760,自然语言处理算法研究员,北京,3,25,50K,2,37.5
1761,微信头条-资深算法研究员,北京,3,25,40K,4,32.5
1763,算法研究员,北京,3,30,60K,4,45
1764,算法研究员,北京,2,36,40K,4,38
1765,智能图像算法研究员,北京,3,15,30K,2,22.5
1766,语音识别算法研究员,北京,3,30,60K,4,45
1767,算法研究员,北京,2,10,15K,1,12.5
1768,算法研究员,北京,3,25,50K,2,37.5
1769,SLAM算法研究员,北京,2,20,35K,4,27.5
1770,智能问答NLP算法研究员,北京,3,25,50K,4,37.5
1771,NLP算法研究员,北京,3,25,50K,2,37.5
1772,图像算法研究员,北京,3,30,60K・13薪,2,45
1773,机器学习算法研究助理,北京,2,15,30K,2,22.5
1774,人机交互算法资深研究员,北京,3,20,35K,7.5,27.5
1775,图像处理算法资深研究员,北京,3,20,35K,7.5,27.5
1776,自然语言识别算法研究员,北京,3,25,35K,4,30
1777,视觉算法研究员（3D 方向）,北京,2,30,60K,2,45
1778,算法研究员,北京,3,20,40K,0,30
1779,商业策略研究-广告算法研究员,北京,3,30,60K,4,45
1780,视觉算法研究员,北京,2,25,38K,7.5,31.5
1781,机器学习算法研究员,北京,3,20,40K・13薪,2,30
1782,图像算法研究员,北京,3,25,50K,4,37.5
1783,算法研究员,北京,2,20,40K,2,30
1784,推荐算法研究员,北京,3,16,30K,2,23
1785,算法研究员,北京,2,15,25K,4,20
1786,算法研究员,北京,2,15,25K,10,20
1787,人脸识别算法研究员,北京,3,20,40K,4,30
1788,推荐算法研究员,北京,3,30,60K,4,45
1789,商业策略研究-推荐算法工程师,北京,3,30,60K,4,45
1790,叮当闲聊算法研究员,北京,3,30,60K,4,45
1791,高级算法研究员,北京,3,30,50K,4,40
1792,算法研究员,北京,2,10,15K,2,12.5
1793,算法研究员,北京,3,30,60K,2,45
1794,算法研究员,北京,2,15,30K,1,22.5
1795,图像算法研究员,北京,3,30,60K,2,45
1796,资深智能图像算法研究员,北京,3,20,40K,7.5,30
1797,推荐算法研究员,北京,3,15,30K,2,22.5
1798,供应链算法研究总监,北京,4,70,100K,10,85
1799,高级算法研究员,北京,2,50,80K,4,65
1800,算法研究员,北京,2,17,30K,1,23.5
1801,算法研究员,北京,2,25,50K,1,37.5
1802,算法研究员,北京,2,30,60K,4,45
1803,算法研究员,北京,3,16,27K,4,21.5
1804,算法研究员,北京,3,30,50K,4,40
1805,算法研究员,北京,2,20,40K,2,30
1806,高级算法研究员,北京,2,30,50K,4,40
1807,算法研究员,北京,2,25,50K,2,37.5
1808,算法研究员,北京,3,20,40K,4,30
1809,算法研究员,北京,2,15,25K,2,20
1810,算法研究员,北京,2,20,40K,4,30
1811,知识图谱算法研究员,北京,2,10,15K,2,12.5
1812,算法研究员,北京,2,25,50K,2,37.5
1813,机器学习算法研究实习生,北京,2,5,10K,0,7.5
1814,旷视研究院-图像算法研究员,北京,2,30,60K,4,45
1815,算法研究员,北京,3,10,20K,0,15
1816,vSLAM算法研究员,北京,3,30,60K,2,45
1817,语音识别算法研究,北京,3,4,6K,0,5
1818,算法研究员,北京,2,50,80K,7.5,65
1819,SLAM算法工程师/研究员,北京,2,20,40K,2,30
1820,自动驾驶算法研究员,北京,2,10,15K,2,12.5
1821,深度学习算法研究员,北京,3,25,50K,2,37.5
1822,高级机器学习人脸识别算法研究员,北京,3,25,50K,1,37.5
1823,输入法服务化-NLP/机器学习算法研究员,北京,3,30,60K,4,45
1824,预报模式算法研究员,北京,2,15,30K,2,22.5
1825,自然语言处理算法研究员,北京,2,20,35K,2,27.5
1826,视觉算法研究员（技术研究院）,北京,3,20,40K,4,30
1827,算法研究员,北京,3,15,20K,2,17.5
1828,高级算法研究员,北京,2,20,40K,2,30
1829,输入法服务化-NLP/机器学习算法研究员,北京,3,40,70K,7.5,55
1830,视线估计算法研究员,北京,3,15,25K,1,20
1831,人工智能计算机视觉算法研究员,北京,3,20,40K,2,30
1832,深度学习算法研究员,北京,2,25,50K,2,37.5
1833,机器学习算法研究员,北京,2,25,45K,2,35
1834,FPGA算法设计研究员,北京,2,17,30K,7.5,23.5
1835,商业搜索-广告算法研究员,北京,3,20,40K,2,30
1836,语音识别算法研究员,北京,3,25,50K,2,37.5
1837,商业无线搜索-广告算法研究员,北京,3,20,40K,2,30
1838,计算机视觉算法研究员,北京,4,30,35K,2,32.5
1839,语音识别算法研究员,北京,3,30,60K・13薪,2,45
1840,图像算法研究员,北京,3,30,60K・13薪,2,45
1841,信息流广告-推荐算法研究员,北京,3,25,50K,4,37.5
1842,SLAM/VIO/SFM算法研究员,北京,3,30,60K,2,45
1843,视觉算法研究员,北京,3,30,60K,2,45
1844,算法研究员,北京,3,15,30K,2,22.5
1845,算法研究员,北京,2,20,40K,4,30
1846,算法研究员,北京,3,20,40K,4,30
1847,机器学习算法研究员,北京,2,12,24K,2,18
1848,机器学习算法资深研究员,北京,2,25,50K,2,37.5
1849,算法研究员实习生,北京,3,6,11K,2,8.5
1850,算法研究员,北京,3,30,60K,4,45
1851,算法研究员&研究助理,北京,3,15,25K,2,20
1852,NLP算法研究实习生,北京,2,8,12K,2,10
1853,语音算法研究实习生,北京,2,8,13K,0,10.5
1854,计算机视觉，SLAM算法研究员,北京,3,25,50K,4,37.5
1855,算法研究员,北京,2,25,40K,2,32.5
1856,算法研究员,北京,3,20,40K,4,30
1857,策略算法工程师/研究员,北京,3,30,50K,2,40
1858,算法研究员,北京,2,30,60K,4,45
1859,算法研究员,北京,2,8,12K,4,10
1860,算法研究员,北京,3,25,50K,2,37.5
1861,算法研究员,北京,2,20,40K,2,30
1862,算法研究员,北京,3,35,60K,4,47.5
1863,算法研究员,北京,2,30,50K,2,40
1864,NLP 算法研究,北京,4,18,30K,4,24
1865,算法研究员,北京,3,18,35K,4,26.5
1866,算法研究员,北京,3,25,50K,4,37.5
1867,推荐算法研究员,北京,2,20,40K,2,30
1868,算法研究员,北京,2,25,45K,2,35
1869,算法研究员,北京,3,20,40K,7.5,30
1870,算法研究员,北京,2,20,40K,2,30
1871,算法研究员,北京,2,20,30K,4,25
1872,算法研究员／数据科学家-大数据策略,北京,3,35,60K,4,47.5
1873,深度学习实验室_计算机视觉算法研究员,北京,2,25,26K,2,25.5
1874,算法研究员,北京,2,10,15K,2,12.5
1875,机器学习算法资深研究员,北京,2,25,50K,4,37.5
1876,机器学习算法研究员,北京,2,16,25K,1,20.5
1877,算法研究员（计算机视觉）,北京,3,20,30K,2,25
1878,高级算法研究员（自然语言处理）,北京,4,30,50K,4,40
1879,音频分析/生成 算法研究员/工程师,北京,3,30,60K,4,45
1880,算法研究员（自然语言处理）,北京,3,25,40K,2,32.5
1881,算法研究员,北京,2,25,50K,4,37.5
1882,算法研究员,北京,2,20,25K,4,22.5
1883,高级算法研究员（计算机视觉）,北京,4,30,60K,4,45
1884,神经网络压缩算法研究工程师,北京,2,20,40K,2,30
1885,算法研究员,北京,3,7,14K,2,10.5
1886,算法研究员,北京,3,12,20K,4,16
1887,slam算法工程师,北京,2,30,60K,2,45
1888,神经网络压缩算法研究工程师,北京,2,18,36K,4,27
1889,算法研究员,北京,2,20,40K,2,30
1890,计算机视觉数据算法研究实习生,北京,2,10,15K,0,12.5
1891,算法研究员,北京,3,25,50K,4,37.5
1892,算法研究员,北京,2,20,40K,2,30
1893,算法研究员,北京,2,25,50K,2,37.5
1894,惯性导航算法研究员,北京,3,20,40K,2,30
1895,语言模型算法研究员,北京,2,4,5K,0,4.5
1896,算法研究员,北京,3,20,40K,1,30
1897,算法研究员,北京,2,15,25K,2,20
1898,算法研究员,北京,2,25,50K,2,37.5
1899,算法研究员,北京,2,25,45K,2,35
1900,算法研究员,北京,3,15,25K,2,20
1901,算法研究员,北京,3,25,50K,4,37.5
1902,深度学习算法研究工程师,北京,2,20,40K,2,30
1903,算法研究员,北京,2,25,50K,2,37.5
1904,神经网络压缩算法研究工程师,北京,3,15,30K,2,22.5
1905,算法研究员,北京,2,25,50K,2,37.5
1906,算法研究员,北京,3,33,66K,4,49.5
1907,计算机视觉算法研究工程师,北京,3,20,30K,2,25
1908,神经网络压缩算法研究工程师,北京,3,20,40K,4,30
1909,计算机视觉算法研究工程师,北京,3,20,40K,4,30
1910,算法研究员,北京,2,15,30K,2,22.5
1911,算法研究工程师,北京,3,9,13K,2,11
1912,算法研究员,北京,4,30,60K,2,45
1913,算法研究员,北京,3,25,40K,2,32.5
1914,算法研究员,北京,2,20,35K,2,27.5
1915,算法研究员,北京,2,22,44K,4,33
1916,算法研究员,北京,2,20,40K,4,30
1917,算法研究员,北京,3,15,30K,2,22.5
1918,深度学习研究员,北京,3,30,60K,4,45
1919,视觉算法工程师,北京,3,20,30K,2,25
1920,机器学习,北京,2,15,25K,4,20
1921,计算机视觉算法工程师,北京,3,15,25K,2,20
1922,深度学习算法工程师（资深）,北京,2,20,40K,4,30
1923,高级图像算法工程师,北京,3,20,30K,2,25
1924,Java高级开发工程师,北京,2,10,13K・13薪,4,11.5
1925,自然语言处理高级研究员,北京,2,30,40K,2,35
1926,图像处理工程师,北京,2,15,27K,4,21
1927,高级算法工程师,北京,2,35,70K,4,52.5
1928,机器人算法工程师,北京,3,20,40K,2,30
1929,高级NLP工程师,北京,2,15,30K,2,22.5
1930,算法架构师,北京,3,25,50K,4,37.5
1931,图像算法工程师,北京,2,10,15K,2,12.5
1932,自然语言处理研发工程师,北京,2,20,40K,4,30
1933,图像处理工程师,北京,2,15,27K,2,21
1934,通信、数字信号处理算法研发工程师,北京,2,25,50K,2,37.5
1935,短视频推荐算法工程师（北京）,北京,2,25,40K,4,32.5
1936,机器学习,北京,2,40,60K,4,50
1937,人工智能实习生,北京,3,4,7K,0,5.5
1938,实习算法工程师,北京,3,6,7K,2,6.5
1939,机器人控制算法工程师,北京,2,8,15K,2,11.5
1940,高级算法工程师（北京）,北京,3,20,40K,4,30
1941,算法研究实习生,北京,2,4,8K,0,6
1942,机器学习工程师/专家―算法和模型研究,北京,2,20,40K,2,30
1943,疲劳检测算法研究员,北京,2,30,60K,2,45
1944,高级算法工程师/算法专家-算法研究和开发,北京,2,15,30K,2,22.5
1945,视觉算法研究员,北京,2,30,60K,2,45
1946,算法研究员,北京,3,30,60K,4,45
1947,推荐算法研究员,北京,3,15,30K,1,22.5
1948,水声理论与信号处理算法研究工程师,北京,3,12,15K,2,13.5
1949,算法研究员,北京,3,20,21K,1,20.5
1950,算法研究员,北京,3,25,50K,4,37.5
1951,算法研究员,北京,2,20,30K,4,25
1952,算法研究员,北京,2,50,100K,7.5,75
1953,算法研究员,北京,3,30,50K,2,40
1954,C/C++算法研究员,北京,3,20,40K,2,30
1955,算法研究员,北京,3,18,36K,2,27
1956,音频算法研究员,北京,3,25,50K,2,37.5
1957,算法研究员,北京,2,30,60K,2,45
1958,算法研究员,北京,3,30,60K,7.5,45
1959,计算机视觉算法研究员,北京,3,30,60K,4,45
1960,量化算法研究员,北京,2,25,50K,2,37.5
1961,算法研究员,北京,2,15,25K,2,20
1962,算法研究员,北京,3,25,50K,2,37.5
1963,广告算法工程师,北京,2,40,60K,4,50
1964,算法架构师,北京,2,40,65K,7.5,52.5
1965,腾讯社交广告算法工程师,北京,3,30,50K,4,40
1966,资深iOS工程师,北京,1,30,50K,4,40
1967,算法工程师,北京,2,20,35K・14薪,2,27.5
1968,人工智能 自然语言处理算法工程师,北京,3,20,35K,4,27.5
1969,气象工程师,北京,3,15,30K,4,22.5
1970,软件研发工程师,北京,3,30,40K,4,35
1971,算法工程师,北京,2,35,50K,4,42.5
1972,自然语言处理工程师（北京）,北京,2,20,40K,4,30
1973,算法实习生,北京,2,8,10K,2,9
1974,软件研发工程师,北京,3,30,40K,4,35
1975,推荐算法,北京,3,25,50K,4,37.5
1976,区块链研发架构师,北京,2,30,40K,7.5,35
1977,高级实时音视频服务端开发工程师,北京,2,30,60K,7.5,45
1978,百度APP技术平台部_数据挖掘高级工程师,北京,2,15,30K,2,22.5
1979,高级算法工程师,北京,2,30,55K,4,42.5
1980,机器人算法工程师,北京,2,10,20K,2,15
1981,推荐算法工程师,北京,2,20,40K,4,30
1982,深度学习算法工程师,北京,2,20,40K・14薪,2,30
1983,语音识别高级算法工程师,北京,2,30,60K,4,45
1984,路径规划与决策工程师,北京,2,20,40K,2,30
1985,Windows开发工程师-密码,北京,2,20,30K,4,25
1986,腾讯广告推荐算法与系统工程师,北京,3,30,60K,2,45
1987,Feed流策略算法工程师,北京,2,20,40K・14薪,2,30
1988,无人驾驶感知算法工程师,北京,2,25,50K,4,37.5
1989,电力系统分析工程师,北京,3,10,15K,1,12.5
1990,腾讯视频推荐算法,北京,3,30,60K・14薪,2,45
1991,自然语言处理实习生,北京,3,6,10K,2,8
1992,AI算法实习生,北京,3,9,15K,0,12
1993,算法研究员,北京,2,20,40K,2,30
1994,资深算法研究员,北京,3,30,50K,7.5,40
1995,算法研究员,北京,3,20,40K,2,30
1996,算法研究员,北京,3,15,30K,1,22.5
1997,数据风控算法研究员,北京,2,20,40K,2,30
1998,模型算法研究员,北京,3,20,40K,2,30
1999,医学图像算法工程师/研究员,北京,3,15,30K,2,22.5
2000,算法研究员,北京,2,20,35K,4,27.5
2001,高级算法工程师/算法研究员,北京,2,25,50K,2,37.5
2002,算法研究员,北京,2,16,30K,1,23
2003,算法研究员,北京,2,15,30K,2,22.5
2004,算法研究员,北京,3,20,30K,4,25
2005,算法研究员,北京,2,30,50K,1,40
2006,算法研究员,北京,2,15,30K,2,22.5
2007,算法研究员,北京,3,30,60K,2,45
2008,算法研究员,北京,2,20,30K,2,25
2009,地图导航算法研究,北京,2,20,35K,2,27.5
2010,算法研究员,北京,3,12,24K,2,18
2011,搜索算法研究员,北京,3,30,40K,4,35
2012,算法研究员,北京,2,20,30K,2,25
2013,高通量应用和算法优化，助理研究员/工程师,北京,3,8,15K,2,11.5
2014,算法研究员Researcher,北京,2,25,35K,2,30
2015,并行软件开发及算法优化/系统软件研究,北京,3,8,15K,2,11.5
2016,大数据算法研究员,北京,3,10,20K,2,15
2017,算法研究员,北京,2,12,15K,1,13.5
2018,图像算法研究员,北京,2,20,40K,4,30
2019,图像算法研究员,北京,2,35,50K,4,42.5
2020,算法研究员,北京,2,25,50K,2,37.5
2021,深度学习算法研究工程师,北京,3,40,80K,2,60
